0, 
254, 
-1, 
-1, 
-1, 
-1, 
-1, 
-1, 
-1, 
-1, 
-1, 
-1, 
-1, 
-1, 
-1, 
-1, 
-1, 
-1, 
-1, 
-1, 
-1, 
-1, 
-1, 
-1, 
-1, 
-1, 
-1, 
-1, 
-1, 
-1, 
-1, 
-1, 
-1, 
-1, 
-1, 
-1, 
-1, 
-1, 
-1, 
-1, 
-1, 
-1, 
-1, 
-1, 
-1, 
-1, 
-1, 
-1, 
-1, 
-1, 
-1, 
-1, 
-1, 
-1, 
-1, 
-1, 
-1, 
-1, 
-1, 
-1, 
-1, 
-1, 
-1, 
-1, 
-1, 
-1, 
-1, 
-1, 
-1, 
-1, 
-1, 
-1, 
-1, 
-1, 
-1, 
-1, 
-1, 
-1, 
-1, 
-1, 
-1, 
-1, 
-1, 
-1, 
-1, 
-1, 
-1, 
-1, 
-1, 
-1, 
-1, 
-1, 
-1, 
-1, 
-1, 
-1, 
-1, 
-1, 
-1, 
-1, 
-1, 
-1, 
-1, 
-1, 
-1, 
-1, 
-1, 
-1, 
-1, 
-1, 
-1, 
-1, 
-1, 
-1, 
-1, 
-1, 
-1, 
-1, 
-1, 
-1, 
-1, 
-1, 
-1, 
-1, 
-1, 
-1, 
-1, 
-1, 
-1, 
-1, 
-1, 
-1, 
-1, 
-1, 
-1, 
-1, 
-1, 
-1, 
-1, 
-1, 
-1, 
-1, 
-1, 
-1, 
-1, 
-1, 
-1, 
-1, 
-1, 
-1, 
-1, 
-1, 
-1, 
-1, 
-1, 
-1, 
-1, 
-1, 
-1, 
-1, 
-1, 
-1, 
-1, 
-1, 
-1, 
-1, 
-1, 
-1, 
-1, 
-1, 
-1, 
-1, 
-1, 
-1, 
-1, 
-1, 
-1, 
-1, 
-1, 
-1, 
-1, 
-1, 
-1, 
-1, 
-1, 
-1, 
-1, 
-1, 
-1, 
-1, 
-1, 
-1, 
-1, 
-1, 
-1, 
-1, 
-1, 
-1, 
-1, 
-1, 
-1, 
-1, 
-1, 
-1, 
-1, 
-1, 
-1, 
-1, 
-1, 
-1, 
-1, 
-1, 
-1, 
-1, 
-1, 
-1, 
-1, 
-1, 
-1, 
-1, 
-1, 
-1, 
-1, 
-1, 
-1, 
-1, 
-1, 
-1, 
-1, 
-1, 
-1, 
-1, 
-1, 
-1, 
-1, 
-1, 
-1, 
-1, 
-1, 
-1, 
-1, 
-1, 
-1, 
-1, 
-1, 
-1, 
-1, 
-1, 
-1, 
-1, 
-1, 
-1, 
-1, 
-1, 
-1, 
-1, 
-1, 
-1, 
-1, 
-1, 
-1, 
-1, 
-1, 
-1, 
-1, 
-1, 
-1, 
-1, 
-1, 
-1, 
-1, 
-1, 
-1, 
-1, 
-1, 
-1, 
-1, 
-1, 
-1, 
-1, 
-1, 
-1, 
-1, 
-1, 
-1, 
-1, 
-1, 
-1, 
-1, 
-1, 
-1, 
-1, 
-1, 
-1, 
-1, 
-1, 
-1, 
254, 
242, 
230, 
238, 
245, 
253, 
247, 
0, 
63, 
63, 
34, 
94, 
81, 
88, 
134, 
143, 
153, 
202, 
218, 
218, 
117, 
142, 
150, 
138, 
178, 
184, 
237, 
237, 
129, 
96, 
146, 
173, 
200, 
200, 
206, 
122, 
146, 
99, 
130, 
239, 
245, 
239, 
0, 
53, 
36, 
103, 
85, 
67, 
92, 
148, 
219, 
236, 
236, 
240, 
244, 
231, 
239, 
248, 
-1, 
248, 
0, 
107, 
215, 
161, 
143, 
208, 
229, 
250, 
239, 
-1, 
239, 
243, 
248, 
27, 
211, 
232, 
232, 
242, 
0, 
54, 
54, 
92, 
116, 
94, 
56, 
113, 
153, 
142, 
153, 
184, 
216, 
84, 
106, 
128, 
128, 
149, 
170, 
197, 
224, 
111, 
56, 
97, 
138, 
194, 
-1, 
194, 
95, 
126, 
0, 
108, 
239, 
-1, 
239, 
0, 
117, 
69, 
41, 
28, 
41, 
55, 
109, 
208, 
243, 
-1, 
-1, 
243, 
230, 
236, 
243, 
249, 
249, 
0, 
154, 
167, 
124, 
124, 
176, 
176, 
190, 
224, 
62, 
146, 
157, 
147, 
152, 
158, 
144, 
169, 
169, 
0, 
0, 
49, 
27, 
78, 
26, 
26, 
63, 
126, 
-1, 
126, 
162, 
199, 
74, 
99, 
99, 
115, 
132, 
148, 
191, 
215, 
100, 
34, 
112, 
125, 
191, 
-1, 
191, 
101, 
94, 
42, 
92, 
236, 
-1, 
236, 
0, 
21, 
27, 
44, 
73, 
11, 
37, 
129, 
221, 
227, 
232, 
238, 
244, 
230, 
239, 
248, 
248, 
69, 
0, 
29, 
87, 
170, 
42, 
54, 
28, 
71, 
54, 
93, 
119, 
144, 
170, 
217, 
228, 
240, 
251, 
111, 
0, 
18, 
49, 
66, 
58, 
80, 
102, 
102, 
74, 
125, 
111, 
130, 
137, 
92, 
143, 
195, 
153, 
127, 
120, 
201, 
141, 
0, 
37, 
57, 
77, 
87, 
67, 
67, 
115, 
203, 
153, 
227, 
245, 
226, 
208, 
0, 
34, 
69, 
61, 
54, 
86, 
119, 
90, 
115, 
115, 
109, 
127, 
116, 
116, 
85, 
180, 
218, 
27, 
0, 
108, 
179, 
51, 
146, 
189, 
164, 
172, 
180, 
189, 
197, 
224, 
173, 
223, 
236, 
249, 
249, 
219, 
0, 
77, 
64, 
88, 
88, 
112, 
100, 
144, 
162, 
180, 
209, 
225, 
188, 
114, 
155, 
145, 
135, 
178, 
204, 
241, 
206, 
78, 
86, 
163, 
183, 
204, 
193, 
193, 
139, 
153, 
80, 
170, 
243, 
243, 
235, 
0, 
0, 
48, 
77, 
77, 
68, 
79, 
141, 
240, 
254, 
-1, 
-1, 
-1, 
-1, 
-1, 
-1, 
-1, 
-1, 
-1, 
-1, 
-1, 
-1, 
-1, 
-1, 
-1, 
-1, 
-1, 
-1, 
-1, 
-1, 
-1, 
-1, 
254, 
207, 
243, 
195, 
13, 
31, 
67, 
126, 
115, 
104, 
69, 
121, 
136, 
136, 
171, 
183, 
183, 
94, 
107, 
121, 
136, 
151, 
181, 
189, 
197, 
74, 
50, 
111, 
145, 
194, 
184, 
184, 
136, 
123, 
79, 
148, 
237, 
243, 
229, 
0, 
84, 
76, 
55, 
35, 
14, 
108, 
149, 
230, 
254, 
-1, 
-1, 
-1, 
-1, 
-1, 
-1, 
-1, 
-1, 
-1, 
-1, 
-1, 
-1, 
-1, 
-1, 
-1, 
-1, 
-1, 
-1, 
-1, 
-1, 
-1, 
-1, 
-1, 
254, 
163, 
116, 
0, 
17, 
57, 
85, 
38, 
123, 
75, 
123, 
133, 
121, 
147, 
174, 
174, 
81, 
121, 
114, 
122, 
130, 
167, 
167, 
186, 
78, 
78, 
102, 
145, 
189, 
182, 
176, 
88, 
103, 
84, 
122, 
245, 
245, 
226, 
0, 
0, 
17, 
35, 
58, 
24, 
94, 
130, 
231, 
171, 
181, 
237, 
215, 
83, 
103, 
139, 
132, 
179, 
0, 
20, 
123, 
129, 
0, 
56, 
0, 
0, 
18, 
97, 
134, 
172, 
84, 
160, 
224, 
236, 
249, 
60, 
14, 
63, 
0, 
67, 
0, 
44, 
89, 
100, 
82, 
91, 
91, 
122, 
99, 
77, 
105, 
112, 
0, 
36, 
132, 
122, 
69, 
0, 
60, 
29, 
76, 
76, 
38, 
38, 
134, 
193, 
228, 
232, 
237, 
241, 
183, 
0, 
47, 
15, 
5, 
74, 
48, 
79, 
79, 
115, 
83, 
248, 
248, 
249, 
249, 
249, 
249, 
250, 
250, 
250, 
250, 
251, 
251, 
251, 
252, 
252, 
252, 
252, 
253, 
253, 
253, 
253, 
254, 
254, 
247, 
192, 
148, 
105, 
185, 
215, 
0, 
105, 
97, 
118, 
111, 
152, 
193, 
183, 
-1, 
183, 
133, 
102, 
112, 
122, 
144, 
128, 
141, 
154, 
126, 
84, 
225, 
247, 
178, 
203, 
214, 
248, 
248, 
183, 
130, 
104, 
183, 
217, 
176, 
197, 
182, 
228, 
221, 
115, 
153, 
122, 
182, 
242, 
248, 
231, 
0, 
75, 
199, 
199, 
222, 
222, 
239, 
239, 
102, 
81, 
121, 
208, 
208, 
219, 
229, 
240, 
182, 
160, 
167, 
234, 
235, 
237, 
253, 
135, 
135, 
160, 
186, 
0, 
163, 
135, 
49, 
143, 
132, 
153, 
194, 
160, 
177, 
149, 
122, 
105, 
136, 
150, 
150, 
134, 
119, 
129, 
139, 
149, 
176, 
134, 
155, 
101, 
197, 
151, 
121, 
113, 
252, 
252, 
137, 
103, 
113, 
218, 
204, 
220, 
213, 
172, 
196, 
196, 
222, 
130, 
208, 
0, 
77, 
154, 
198, 
198, 
205, 
166, 
59, 
7, 
50, 
93, 
205, 
213, 
239, 
206, 
174, 
-1, 
174, 
36, 
118, 
127, 
124, 
122, 
8, 
2, 
117, 
148, 
0, 
75, 
110, 
145, 
151, 
143, 
170, 
-1, 
170, 
63, 
111, 
136, 
136, 
125, 
125, 
79, 
79, 
90, 
101, 
181, 
216, 
252, 
228, 
205, 
105, 
127, 
168, 
210, 
234, 
234, 
221, 
184, 
178, 
252, 
-1, 
252, 
196, 
182, 
147, 
136, 
168, 
180, 
233, 
233, 
0, 
105, 
173, 
144, 
159, 
212, 
224, 
206, 
127, 
100, 
73, 
214, 
222, 
244, 
-1, 
244, 
126, 
180, 
167, 
230, 
-1, 
230, 
249, 
135, 
115, 
139, 
163, 
0, 
155, 
178, 
152, 
174, 
197, 
166, 
199, 
159, 
150, 
55, 
93, 
108, 
123, 
139, 
154, 
144, 
88, 
114, 
67, 
93, 
174, 
174, 
250, 
-1, 
250, 
224, 
112, 
230, 
247, 
247, 
143, 
175, 
154, 
239, 
170, 
190, 
121, 
170, 
241, 
241, 
125, 
98, 
136, 
0, 
110, 
206, 
181, 
157, 
171, 
141, 
88, 
77, 
9, 
124, 
239, 
214, 
240, 
111, 
111, 
93, 
121, 
0, 
100, 
188, 
128, 
107, 
107, 
87, 
121, 
167, 
21, 
110, 
145, 
157, 
135, 
167, 
122, 
168, 
93, 
19, 
49, 
55, 
105, 
132, 
126, 
98, 
98, 
107, 
146, 
131, 
175, 
162, 
239, 
230, 
204, 
198, 
249, 
211, 
152, 
203, 
168, 
219, 
242, 
161, 
234, 
247, 
198, 
120, 
162, 
175, 
229, 
254, 
202, 
124, 
0, 
118, 
211, 
103, 
134, 
165, 
222, 
234, 
215, 
111, 
100, 
129, 
135, 
177, 
254, 
241, 
105, 
153, 
172, 
192, 
175, 
175, 
196, 
128, 
121, 
195, 
141, 
40, 
109, 
109, 
146, 
183, 
198, 
168, 
155, 
142, 
159, 
145, 
110, 
129, 
123, 
134, 
159, 
151, 
103, 
130, 
111, 
165, 
244, 
249, 
254, 
201, 
134, 
177, 
221, 
-1, 
221, 
231, 
242, 
211, 
89, 
140, 
42, 
162, 
236, 
252, 
252, 
193, 
160, 
151, 
75, 
0, 
76, 
213, 
213, 
199, 
84, 
107, 
131, 
119, 
23, 
130, 
124, 
118, 
189, 
205, 
221, 
221, 
236, 
102, 
108, 
113, 
119, 
119, 
0, 
63, 
127, 
84, 
2, 
51, 
100, 
76, 
159, 
128, 
119, 
145, 
145, 
48, 
96, 
128, 
124, 
121, 
125, 
129, 
115, 
102, 
58, 
100, 
142, 
164, 
254, 
254, 
156, 
150, 
160, 
171, 
195, 
195, 
177, 
205, 
218, 
230, 
243, 
226, 
209, 
151, 
164, 
209, 
218, 
227, 
227, 
165, 
0, 
102, 
205, 
219, 
201, 
218, 
236, 
236, 
202, 
99, 
105, 
172, 
239, 
243, 
247, 
167, 
242, 
252, 
228, 
205, 
106, 
158, 
164, 
86, 
139, 
216, 
78, 
65, 
152, 
141, 
170, 
183, 
144, 
150, 
157, 
125, 
151, 
112, 
135, 
146, 
146, 
137, 
129, 
86, 
86, 
123, 
221, 
221, 
246, 
246, 
184, 
151, 
193, 
236, 
236, 
172, 
172, 
228, 
127, 
117, 
193, 
193, 
170, 
147, 
136, 
111, 
87, 
123, 
123, 
139, 
139, 
0, 
62, 
124, 
142, 
-1, 
142, 
98, 
119, 
119, 
85, 
85, 
173, 
128, 
145, 
92, 
102, 
128, 
136, 
66, 
129, 
-1, 
129, 
135, 
7, 
143, 
131, 
40, 
108, 
76, 
150, 
125, 
138, 
163, 
154, 
154, 
175, 
160, 
145, 
161, 
178, 
162, 
61, 
110, 
124, 
139, 
153, 
131, 
172, 
156, 
162, 
85, 
160, 
164, 
169, 
97, 
176, 
166, 
179, 
179, 
142, 
158, 
175, 
0, 
73, 
111, 
-1, 
111, 
132, 
132, 
145, 
158, 
164, 
123, 
170, 
163, 
156, 
-1, 
156, 
121, 
114, 
129, 
145, 
129, 
144, 
160, 
150, 
141, 
141, 
156, 
171, 
131, 
103, 
187, 
166, 
166, 
127, 
127, 
0, 
96, 
73, 
92, 
92, 
144, 
-1, 
144, 
154, 
144, 
134, 
148, 
138, 
128, 
155, 
133, 
123, 
112, 
102, 
92, 
100, 
108, 
98, 
98, 
82, 
82, 
136, 
144, 
127, 
-1, 
127, 
141, 
134, 
115, 
142, 
121, 
0, 
50, 
83, 
104, 
150, 
150, 
98, 
91, 
63, 
139, 
-1, 
-1, 
139, 
129, 
83, 
90, 
59, 
113, 
94, 
48, 
93, 
138, 
107, 
77, 
117, 
124, 
132, 
98, 
88, 
141, 
137, 
133, 
110, 
142, 
142, 
0, 
102, 
79, 
56, 
113, 
136, 
126, 
142, 
142, 
122, 
75, 
110, 
145, 
141, 
137, 
73, 
56, 
111, 
0, 
47, 
157, 
139, 
139, 
122, 
106, 
170, 
124, 
147, 
60, 
94, 
129, 
135, 
123, 
111, 
145, 
179, 
0, 
11, 
40, 
51, 
98, 
126, 
131, 
136, 
126, 
104, 
115, 
126, 
137, 
-1, 
137, 
107, 
57, 
49, 
5, 
76, 
130, 
133, 
137, 
90, 
147, 
153, 
138, 
111, 
45, 
77, 
143, 
129, 
93, 
159, 
142, 
0, 
52, 
104, 
114, 
125, 
125, 
75, 
-1, 
75, 
0, 
64, 
128, 
121, 
114, 
114, 
51, 
89, 
83, 
0, 
66, 
117, 
117, 
34, 
46, 
58, 
96, 
112, 
0, 
48, 
96, 
129, 
0, 
81, 
81, 
103, 
125, 
0, 
27, 
27, 
54, 
0, 
74, 
53, 
53, 
114, 
0, 
82, 
123, 
180, 
0, 
35, 
70, 
61, 
61, 
67, 
98, 
111, 
124, 
146, 
169, 
191, 
214, 
214, 
220, 
225, 
231, 
-1, 
231, 
0, 
57, 
64, 
21, 
98, 
78, 
94, 
123, 
152, 
144, 
193, 
215, 
215, 
121, 
152, 
-1, 
152, 
186, 
177, 
229, 
229, 
135, 
107, 
136, 
176, 
200, 
200, 
190, 
119, 
147, 
105, 
117, 
232, 
232, 
239, 
15, 
71, 
42, 
120, 
87, 
77, 
113, 
149, 
221, 
235, 
235, 
238, 
241, 
227, 
227, 
243, 
-1, 
243, 
0, 
101, 
202, 
158, 
136, 
206, 
229, 
252, 
239, 
241, 
243, 
245, 
247, 
15, 
192, 
236, 
226, 
241, 
0, 
50, 
36, 
76, 
97, 
97, 
56, 
110, 
146, 
154, 
162, 
189, 
216, 
89, 
108, 
140, 
124, 
155, 
155, 
198, 
227, 
120, 
62, 
90, 
144, 
198, 
191, 
185, 
83, 
120, 
0, 
88, 
239, 
231, 
238, 
0, 
114, 
47, 
47, 
23, 
58, 
43, 
94, 
210, 
242, 
-1, 
-1, 
242, 
227, 
227, 
243, 
-1, 
243, 
0, 
144, 
161, 
129, 
129, 
177, 
177, 
188, 
200, 
43, 
130, 
165, 
149, 
133, 
161, 
147, 
159, 
172, 
0, 
0, 
45, 
24, 
3, 
50, 
18, 
120, 
86, 
120, 
120, 
174, 
186, 
81, 
93, 
106, 
95, 
145, 
151, 
190, 
229, 
110, 
55, 
81, 
108, 
191, 
191, 
181, 
75, 
102, 
81, 
81, 
230, 
233, 
237, 
0, 
41, 
25, 
74, 
74, 
22, 
44, 
127, 
211, 
231, 
231, 
237, 
243, 
227, 
235, 
244, 
244, 
31, 
0, 
52, 
79, 
140, 
32, 
48, 
40, 
65, 
59, 
95, 
131, 
131, 
189, 
210, 
210, 
235, 
245, 
134, 
0, 
13, 
48, 
69, 
57, 
66, 
94, 
103, 
75, 
117, 
111, 
119, 
128, 
90, 
138, 
186, 
186, 
165, 
103, 
190, 
170, 
0, 
18, 
54, 
54, 
80, 
54, 
54, 
105, 
205, 
123, 
218, 
243, 
226, 
209, 
0, 
30, 
80, 
80, 
68, 
76, 
120, 
102, 
112, 
112, 
104, 
139, 
120, 
120, 
90, 
183, 
211, 
56, 
0, 
92, 
205, 
41, 
113, 
172, 
166, 
173, 
180, 
188, 
195, 
225, 
140, 
193, 
222, 
232, 
243, 
231, 
0, 
73, 
65, 
74, 
99, 
99, 
93, 
147, 
147, 
162, 
205, 
222, 
198, 
112, 
154, 
154, 
143, 
186, 
197, 
234, 
215, 
92, 
83, 
163, 
183, 
203, 
199, 
195, 
134, 
149, 
92, 
144, 
235, 
-1, 
235, 
0, 
13, 
49, 
108, 
90, 
73, 
73, 
237, 
253, 
-1, 
-1, 
-1, 
-1, 
-1, 
-1, 
-1, 
-1, 
-1, 
-1, 
-1, 
-1, 
-1, 
-1, 
-1, 
-1, 
-1, 
-1, 
-1, 
-1, 
-1, 
-1, 
253, 
235, 
217, 
234, 
215, 
0, 
44, 
61, 
115, 
122, 
110, 
69, 
123, 
150, 
139, 
162, 
186, 
193, 
87, 
108, 
129, 
129, 
142, 
176, 
191, 
207, 
76, 
42, 
103, 
139, 
191, 
-1, 
191, 
124, 
124, 
39, 
146, 
239, 
229, 
229, 
0, 
97, 
85, 
39, 
39, 
12, 
95, 
179, 
250, 
-1, 
-1, 
-1, 
-1, 
-1, 
-1, 
-1, 
-1, 
-1, 
-1, 
-1, 
-1, 
-1, 
-1, 
-1, 
-1, 
-1, 
-1, 
-1, 
-1, 
-1, 
-1, 
-1, 
250, 
143, 
159, 
143, 
0, 
0, 
63, 
80, 
98, 
98, 
67, 
84, 
114, 
114, 
134, 
169, 
169, 
79, 
109, 
125, 
118, 
140, 
163, 
163, 
191, 
75, 
22, 
73, 
125, 
186, 
186, 
179, 
127, 
75, 
23, 
124, 
249, 
237, 
226, 
0, 
0, 
37, 
43, 
69, 
8, 
67, 
99, 
253, 
-1, 
-1, 
-1, 
-1, 
-1, 
-1, 
-1, 
-1, 
-1, 
-1, 
-1, 
-1, 
-1, 
-1, 
-1, 
-1, 
253, 
214, 
109, 
120, 
158, 
106, 
168, 
218, 
231, 
245, 
79, 
5, 
5, 
43, 
43, 
66, 
-1, 
66, 
88, 
40, 
119, 
94, 
102, 
111, 
80, 
124, 
169, 
72, 
86, 
166, 
181, 
104, 
0, 
58, 
36, 
88, 
88, 
52, 
60, 
118, 
192, 
203, 
237, 
-1, 
237, 
194, 
0, 
60, 
24, 
24, 
89, 
67, 
108, 
99, 
106, 
71, 
102, 
254, 
-1, 
-1, 
-1, 
-1, 
-1, 
-1, 
-1, 
-1, 
-1, 
-1, 
-1, 
-1, 
-1, 
-1, 
-1, 
-1, 
-1, 
-1, 
254, 
90, 
150, 
139, 
129, 
86, 
0, 
85, 
184, 
108, 
64, 
130, 
167, 
177, 
154, 
181, 
134, 
186, 
126, 
109, 
126, 
144, 
144, 
128, 
128, 
99, 
109, 
109, 
158, 
237, 
254, 
240, 
94, 
206, 
227, 
248, 
175, 
195, 
246, 
252, 
217, 
182, 
166, 
199, 
199, 
107, 
126, 
145, 
246, 
246, 
252, 
167, 
194, 
0, 
112, 
185, 
204, 
223, 
160, 
144, 
128, 
128, 
119, 
111, 
152, 
193, 
193, 
147, 
183, 
207, 
207, 
173, 
88, 
57, 
114, 
129, 
123, 
95, 
159, 
181, 
0, 
10, 
142, 
68, 
142, 
128, 
115, 
175, 
164, 
153, 
142, 
100, 
100, 
127, 
86, 
-1, 
86, 
102, 
81, 
173, 
173, 
234, 
243, 
152, 
126, 
209, 
215, 
221, 
147, 
171, 
229, 
238, 
168, 
192, 
239, 
217, 
217, 
102, 
126, 
199, 
205, 
210, 
216, 
166, 
0, 
85, 
170, 
207, 
222, 
155, 
173, 
141, 
68, 
68, 
93, 
143, 
143, 
179, 
162, 
212, 
193, 
238, 
8, 
70, 
132, 
98, 
85, 
22, 
16, 
105, 
170, 
0, 
55, 
91, 
175, 
140, 
140, 
124, 
149, 
175, 
60, 
60, 
112, 
118, 
125, 
68, 
50, 
72, 
95, 
76, 
184, 
139, 
246, 
246, 
224, 
117, 
137, 
192, 
247, 
227, 
120, 
210, 
194, 
179, 
216, 
254, 
212, 
169, 
127, 
162, 
198, 
249, 
230, 
147, 
199, 
0, 
91, 
182, 
211, 
224, 
155, 
166, 
-1, 
166, 
108, 
155, 
177, 
220, 
238, 
157, 
95, 
171, 
217, 
170, 
154, 
197, 
252, 
252, 
125, 
131, 
168, 
178, 
0, 
118, 
187, 
165, 
175, 
162, 
180, 
199, 
156, 
146, 
103, 
145, 
124, 
131, 
121, 
162, 
136, 
93, 
51, 
108, 
165, 
172, 
121, 
70, 
141, 
212, 
212, 
170, 
129, 
138, 
230, 
210, 
143, 
207, 
216, 
187, 
225, 
147, 
97, 
151, 
221, 
92, 
126, 
160, 
0, 
71, 
223, 
223, 
213, 
153, 
161, 
133, 
124, 
0, 
74, 
210, 
210, 
231, 
108, 
83, 
155, 
171, 
20, 
46, 
173, 
153, 
91, 
84, 
94, 
105, 
166, 
0, 
43, 
102, 
112, 
96, 
144, 
116, 
170, 
119, 
16, 
54, 
93, 
117, 
-1, 
117, 
109, 
140, 
101, 
141, 
182, 
63, 
133, 
181, 
210, 
221, 
221, 
208, 
181, 
199, 
167, 
-1, 
167, 
181, 
245, 
245, 
189, 
215, 
131, 
183, 
251, 
-1, 
-1, 
251, 
133, 
0, 
58, 
161, 
202, 
202, 
153, 
222, 
198, 
83, 
83, 
98, 
145, 
125, 
154, 
139, 
156, 
173, 
130, 
169, 
220, 
110, 
110, 
156, 
156, 
114, 
143, 
134, 
5, 
118, 
101, 
173, 
154, 
187, 
132, 
205, 
154, 
145, 
112, 
51, 
103, 
103, 
133, 
150, 
150, 
93, 
111, 
193, 
148, 
160, 
160, 
118, 
172, 
226, 
219, 
125, 
132, 
207, 
243, 
243, 
206, 
148, 
203, 
74, 
96, 
139, 
198, 
224, 
250, 
227, 
218, 
227, 
0, 
68, 
193, 
204, 
204, 
133, 
156, 
75, 
96, 
50, 
110, 
127, 
108, 
126, 
161, 
221, 
239, 
215, 
53, 
114, 
128, 
-1, 
128, 
0, 
15, 
114, 
147, 
0, 
61, 
122, 
139, 
167, 
121, 
158, 
131, 
146, 
0, 
73, 
104, 
78, 
53, 
65, 
51, 
58, 
65, 
65, 
107, 
172, 
172, 
153, 
164, 
176, 
154, 
148, 
115, 
145, 
196, 
247, 
217, 
210, 
204, 
235, 
142, 
160, 
93, 
129, 
129, 
150, 
172, 
234, 
224, 
0, 
78, 
137, 
162, 
209, 
169, 
219, 
219, 
195, 
107, 
115, 
150, 
161, 
161, 
139, 
151, 
164, 
151, 
117, 
192, 
242, 
242, 
232, 
253, 
-1, 
-1, 
-1, 
-1, 
-1, 
-1, 
-1, 
-1, 
-1, 
-1, 
-1, 
-1, 
-1, 
-1, 
-1, 
-1, 
-1, 
-1, 
-1, 
-1, 
-1, 
-1, 
-1, 
-1, 
-1, 
-1, 
-1, 
-1, 
-1, 
-1, 
-1, 
-1, 
-1, 
-1, 
-1, 
-1, 
-1, 
-1, 
-1, 
-1, 
-1, 
-1, 
-1, 
-1, 
-1, 
-1, 
-1, 
-1, 
-1, 
-1, 
-1, 
-1, 
-1, 
-1, 
-1, 
-1, 
-1, 
-1, 
-1, 
-1, 
-1, 
-1, 
-1, 
-1, 
-1, 
-1, 
-1, 
-1, 
-1, 
-1, 
-1, 
-1, 
253, 
113, 
44, 
84, 
147, 
130, 
136, 
161, 
142, 
157, 
173, 
159, 
132, 
155, 
179, 
162, 
64, 
105, 
114, 
130, 
147, 
135, 
173, 
159, 
167, 
93, 
167, 
167, 
173, 
99, 
164, 
164, 
180, 
174, 
136, 
154, 
172, 
0, 
79, 
111, 
-1, 
111, 
129, 
129, 
142, 
155, 
168, 
129, 
174, 
166, 
158, 
-1, 
158, 
116, 
109, 
126, 
144, 
136, 
129, 
155, 
155, 
147, 
139, 
165, 
171, 
134, 
110, 
186, 
165, 
165, 
132, 
123, 
5, 
77, 
67, 
89, 
98, 
139, 
143, 
148, 
152, 
152, 
138, 
145, 
125, 
125, 
154, 
131, 
121, 
111, 
101, 
-1, 
-1, 
-1, 
101, 
113, 
87, 
87, 
135, 
146, 
133, 
121, 
121, 
136, 
136, 
115, 
143, 
117, 
0, 
39, 
79, 
94, 
150, 
150, 
106, 
88, 
58, 
134, 
137, 
141, 
144, 
133, 
83, 
93, 
72, 
111, 
99, 
58, 
98, 
139, 
115, 
76, 
115, 
124, 
134, 
94, 
94, 
146, 
141, 
137, 
105, 
140, 
140, 
0, 
106, 
56, 
44, 
113, 
130, 
130, 
144, 
136, 
128, 
64, 
98, 
146, 
135, 
135, 
69, 
51, 
112, 
0, 
52, 
159, 
139, 
139, 
123, 
108, 
174, 
121, 
146, 
59, 
92, 
126, 
137, 
130, 
108, 
127, 
167, 
0, 
0, 
44, 
44, 
84, 
124, 
130, 
136, 
127, 
96, 
105, 
128, 
133, 
139, 
133, 
106, 
66, 
66, 
0, 
66, 
132, 
140, 
134, 
86, 
141, 
151, 
139, 
113, 
50, 
68, 
142, 
132, 
91, 
91, 
138, 
0, 
67, 
100, 
114, 
129, 
129, 
86, 
72, 
72, 
0, 
75, 
120, 
-1, 
-1, 
120, 
55, 
93, 
83, 
0, 
67, 
115, 
115, 
62, 
9, 
44, 
92, 
112, 
0, 
37, 
97, 
126, 
0, 
82, 
69, 
96, 
124, 
0, 
14, 
28, 
51, 
0, 
84, 
52, 
52, 
135, 
0, 
73, 
125, 
177, 
0, 
46, 
72, 
58, 
-1, 
58, 
99, 
110, 
122, 
145, 
169, 
183, 
213, 
213, 
220, 
227, 
227, 
231, 
235, 
0, 
58, 
58, 
16, 
97, 
68, 
99, 
131, 
140, 
150, 
183, 
216, 
228, 
132, 
146, 
160, 
140, 
158, 
176, 
233, 
233, 
131, 
112, 
127, 
164, 
201, 
201, 
186, 
114, 
146, 
112, 
106, 
236, 
-1, 
236, 
70, 
82, 
29, 
102, 
64, 
64, 
94, 
124, 
230, 
230, 
236, 
242, 
223, 
192, 
228, 
242, 
-1, 
242, 
0, 
106, 
194, 
155, 
102, 
198, 
233, 
254, 
239, 
247, 
-1, 
-1, 
247, 
20, 
170, 
239, 
226, 
239, 
0, 
38, 
38, 
65, 
78, 
113, 
54, 
123, 
112, 
153, 
153, 
188, 
223, 
96, 
114, 
132, 
122, 
128, 
155, 
198, 
225, 
122, 
70, 
89, 
134, 
201, 
191, 
182, 
78, 
115, 
0, 
75, 
226, 
231, 
237, 
0, 
117, 
26, 
62, 
43, 
82, 
48, 
93, 
203, 
238, 
-1, 
238, 
220, 
188, 
229, 
243, 
-1, 
243, 
0, 
146, 
161, 
135, 
110, 
170, 
182, 
193, 
205, 
54, 
123, 
167, 
140, 
114, 
171, 
151, 
162, 
174, 
0, 
13, 
27, 
11, 
11, 
45, 
36, 
135, 
53, 
132, 
124, 
174, 
210, 
80, 
107, 
116, 
91, 
127, 
146, 
178, 
231, 
115, 
65, 
74, 
83, 
191, 
191, 
179, 
74, 
101, 
57, 
71, 
205, 
235, 
235, 
0, 
65, 
24, 
59, 
43, 
28, 
35, 
90, 
190, 
226, 
226, 
238, 
222, 
183, 
229, 
243, 
243, 
13, 
0, 
81, 
88, 
108, 
9, 
59, 
59, 
92, 
54, 
87, 
132, 
132, 
189, 
213, 
213, 
228, 
243, 
152, 
0, 
8, 
58, 
68, 
-1, 
68, 
97, 
105, 
47, 
119, 
-1, 
119, 
133, 
87, 
141, 
195, 
202, 
193, 
99, 
167, 
194, 
0, 
8, 
54, 
32, 
64, 
54, 
54, 
95, 
201, 
87, 
204, 
245, 
225, 
217, 
0, 
30, 
61, 
61, 
69, 
77, 
111, 
-1, 
-1, 
111, 
105, 
135, 
121, 
106, 
92, 
169, 
212, 
97, 
0, 
68, 
221, 
48, 
72, 
165, 
172, 
179, 
186, 
193, 
193, 
227, 
114, 
181, 
220, 
231, 
243, 
231, 
0, 
65, 
65, 
47, 
99, 
92, 
86, 
145, 
103, 
158, 
200, 
221, 
210, 
116, 
149, 
156, 
135, 
177, 
188, 
231, 
223, 
96, 
82, 
147, 
173, 
199, 
-1, 
199, 
122, 
147, 
107, 
129, 
236, 
-1, 
236, 
0, 
34, 
34, 
107, 
63, 
56, 
87, 
154, 
221, 
254, 
-1, 
-1, 
-1, 
-1, 
-1, 
-1, 
-1, 
-1, 
-1, 
-1, 
-1, 
-1, 
-1, 
-1, 
-1, 
-1, 
-1, 
-1, 
-1, 
-1, 
-1, 
-1, 
-1, 
254, 
236, 
219, 
0, 
53, 
53, 
100, 
121, 
92, 
64, 
106, 
113, 
146, 
165, 
183, 
202, 
82, 
104, 
127, 
115, 
136, 
166, 
196, 
218, 
85, 
41, 
98, 
137, 
192, 
-1, 
192, 
113, 
125, 
32, 
133, 
235, 
-1, 
235, 
0, 
109, 
83, 
34, 
50, 
40, 
68, 
128, 
240, 
254, 
-1, 
-1, 
-1, 
-1, 
-1, 
-1, 
-1, 
-1, 
-1, 
-1, 
-1, 
-1, 
-1, 
-1, 
-1, 
-1, 
-1, 
254, 
171, 
140, 
110, 
160, 
139, 
145, 
167, 
144, 
0, 
0, 
65, 
65, 
101, 
56, 
45, 
75, 
106, 
112, 
143, 
161, 
179, 
87, 
102, 
118, 
100, 
118, 
137, 
201, 
191, 
75, 
23, 
72, 
122, 
191, 
186, 
182, 
100, 
86, 
73, 
113, 
247, 
240, 
234, 
0, 
8, 
17, 
47, 
77, 
6, 
50, 
135, 
221, 
254, 
-1, 
-1, 
-1, 
-1, 
-1, 
-1, 
-1, 
-1, 
-1, 
-1, 
254, 
213, 
40, 
14, 
14, 
10, 
6, 
91, 
118, 
146, 
146, 
180, 
214, 
237, 
244, 
78, 
0, 
8, 
72, 
34, 
54, 
75, 
104, 
110, 
56, 
98, 
98, 
121, 
112, 
75, 
133, 
