-1, 
-1, 
-1, 
-1, 
-1, 
-1, 
-1, 
-1, 
-1, 
-1, 
-1, 
-1, 
-1, 
-1, 
-1, 
-1, 
-1, 
-1, 
-1, 
-1, 
-1, 
-1, 
-1, 
-1, 
-1, 
-1, 
-1, 
-1, 
-1, 
-1, 
-1, 
-1, 
-1, 
-1, 
-1, 
-1, 
-1, 
-1, 
-1, 
-1, 
-1, 
-1, 
-1, 
-1, 
-1, 
-1, 
-1, 
-1, 
-1, 
-1, 
-1, 
-1, 
-1, 
-1, 
-1, 
-1, 
-1, 
-1, 
-1, 
-1, 
-1, 
-1, 
-1, 
-1, 
-1, 
-1, 
-1, 
-1, 
-1, 
-1, 
-1, 
-1, 
-1, 
-1, 
-1, 
-1, 
-1, 
-1, 
-1, 
-1, 
-1, 
-1, 
-1, 
-1, 
-1, 
-1, 
-1, 
-1, 
-1, 
-1, 
-1, 
-1, 
-1, 
-1, 
-1, 
-1, 
-1, 
-1, 
-1, 
-1, 
-1, 
-1, 
-1, 
-1, 
-1, 
-1, 
-1, 
-1, 
-1, 
-1, 
-1, 
-1, 
-1, 
-1, 
-1, 
-1, 
-1, 
-1, 
-1, 
-1, 
-1, 
-1, 
-1, 
-1, 
-1, 
-1, 
-1, 
-1, 
-1, 
-1, 
-1, 
-1, 
-1, 
-1, 
-1, 
-1, 
-1, 
-1, 
-1, 
-1, 
-1, 
-1, 
-1, 
-1, 
-1, 
-1, 
-1, 
-1, 
-1, 
-1, 
-1, 
-1, 
-1, 
-1, 
-1, 
-1, 
-1, 
-1, 
-1, 
-1, 
-1, 
-1, 
-1, 
-1, 
-1, 
-1, 
-1, 
-1, 
-1, 
-1, 
-1, 
-1, 
-1, 
-1, 
-1, 
-1, 
-1, 
-1, 
-1, 
-1, 
-1, 
-1, 
-1, 
-1, 
-1, 
-1, 
-1, 
-1, 
-1, 
-1, 
-1, 
-1, 
-1, 
-1, 
-1, 
-1, 
-1, 
-1, 
-1, 
-1, 
-1, 
-1, 
-1, 
-1, 
-1, 
-1, 
-1, 
-1, 
-1, 
-1, 
-1, 
-1, 
-1, 
-1, 
-1, 
-1, 
-1, 
-1, 
-1, 
-1, 
-1, 
-1, 
-1, 
-1, 
-1, 
-1, 
-1, 
-1, 
-1, 
-1, 
-1, 
-1, 
-1, 
-1, 
-1, 
-1, 
-1, 
-1, 
-1, 
-1, 
-1, 
-1, 
-1, 
-1, 
-1, 
-1, 
-1, 
-1, 
-1, 
-1, 
-1, 
-1, 
-1, 
-1, 
-1, 
-1, 
-1, 
-1, 
-1, 
-1, 
-1, 
-1, 
-1, 
-1, 
-1, 
-1, 
-1, 
-1, 
-1, 
-1, 
-1, 
-1, 
-1, 
-1, 
-1, 
-1, 
-1, 
-1, 
-1, 
-1, 
-1, 
-1, 
-1, 
-1, 
-1, 
-1, 
-1, 
-1, 
-1, 
-1, 
-1, 
-1, 
-1, 
-1, 
-1, 
-1, 
-1, 
-1, 
-1, 
-1, 
-1, 
-1, 
-1, 
-1, 
-1, 
-1, 
-1, 
-1, 
-1, 
-1, 
-1, 
-1, 
-1, 
-1, 
-1, 
-1, 
-1, 
-1, 
-1, 
-1, 
-1, 
-1, 
-1, 
-1, 
-1, 
-1, 
-1, 
-1, 
-1, 
-1, 
-1, 
-1, 
-1, 
-1, 
-1, 
-1, 
-1, 
-1, 
-1, 
-1, 
-1, 
-1, 
-1, 
-1, 
-1, 
-1, 
-1, 
-1, 
-1, 
-1, 
-1, 
-1, 
-1, 
-1, 
-1, 
-1, 
-1, 
-1, 
-1, 
-1, 
-1, 
-1, 
-1, 
-1, 
-1, 
-1, 
-1, 
-1, 
-1, 
-1, 
-1, 
-1, 
-1, 
-1, 
-1, 
-1, 
-1, 
-1, 
-1, 
-1, 
-1, 
-1, 
-1, 
-1, 
-1, 
-1, 
-1, 
-1, 
-1, 
-1, 
-1, 
-1, 
-1, 
-1, 
-1, 
-1, 
-1, 
-1, 
-1, 
-1, 
-1, 
-1, 
-1, 
-1, 
-1, 
-1, 
-1, 
-1, 
-1, 
-1, 
-1, 
-1, 
-1, 
-1, 
-1, 
-1, 
-1, 
-1, 
-1, 
-1, 
-1, 
-1, 
-1, 
-1, 
-1, 
-1, 
-1, 
-1, 
-1, 
-1, 
-1, 
-1, 
-1, 
-1, 
-1, 
-1, 
-1, 
-1, 
-1, 
-1, 
-1, 
-1, 
-1, 
-1, 
-1, 
-1, 
-1, 
-1, 
-1, 
-1, 
-1, 
-1, 
-1, 
-1, 
-1, 
-1, 
-1, 
-1, 
-1, 
-1, 
-1, 
-1, 
-1, 
-1, 
-1, 
-1, 
-1, 
-1, 
-1, 
-1, 
-1, 
-1, 
-1, 
-1, 
-1, 
-1, 
-1, 
-1, 
-1, 
-1, 
-1, 
-1, 
-1, 
-1, 
-1, 
-1, 
-1, 
-1, 
-1, 
-1, 
-1, 
-1, 
-1, 
-1, 
-1, 
-1, 
-1, 
-1, 
-1, 
-1, 
-1, 
-1, 
-1, 
-1, 
-1, 
-1, 
-1, 
-1, 
-1, 
-1, 
-1, 
-1, 
-1, 
-1, 
-1, 
-1, 
-1, 
-1, 
-1, 
-1, 
-1, 
-1, 
-1, 
-1, 
-1, 
-1, 
-1, 
-1, 
-1, 
-1, 
-1, 
-1, 
-1, 
-1, 
-1, 
-1, 
-1, 
-1, 
-1, 
-1, 
-1, 
-1, 
-1, 
-1, 
-1, 
-1, 
-1, 
-1, 
-1, 
-1, 
-1, 
-1, 
-1, 
-1, 
-1, 
-1, 
-1, 
-1, 
-1, 
-1, 
-1, 
-1, 
-1, 
-1, 
-1, 
-1, 
-1, 
-1, 
-1, 
-1, 
-1, 
-1, 
-1, 
-1, 
-1, 
-1, 
-1, 
-1, 
-1, 
-1, 
-1, 
-1, 
-1, 
-1, 
-1, 
-1, 
-1, 
-1, 
-1, 
-1, 
-1, 
-1, 
-1, 
-1, 
-1, 
-1, 
-1, 
-1, 
-1, 
-1, 
-1, 
-1, 
-1, 
-1, 
-1, 
-1, 
-1, 
-1, 
-1, 
-1, 
-1, 
-1, 
-1, 
-1, 
-1, 
-1, 
-1, 
-1, 
-1, 
-1, 
-1, 
-1, 
-1, 
-1, 
-1, 
-1, 
-1, 
-1, 
-1, 
-1, 
-1, 
-1, 
-1, 
-1, 
-1, 
-1, 
-1, 
-1, 
-1, 
-1, 
-1, 
-1, 
-1, 
-1, 
-1, 
-1, 
-1, 
-1, 
-1, 
-1, 
-1, 
-1, 
-1, 
-1, 
-1, 
-1, 
-1, 
-1, 
-1, 
-1, 
-1, 
-1, 
-1, 
-1, 
-1, 
-1, 
-1, 
-1, 
-1, 
-1, 
-1, 
-1, 
-1, 
-1, 
-1, 
-1, 
-1, 
-1, 
-1, 
-1, 
-1, 
-1, 
-1, 
-1, 
-1, 
-1, 
-1, 
-1, 
-1, 
-1, 
-1, 
-1, 
-1, 
-1, 
-1, 
-1, 
-1, 
-1, 
-1, 
-1, 
-1, 
-1, 
-1, 
-1, 
-1, 
-1, 
-1, 
-1, 
-1, 
-1, 
-1, 
-1, 
-1, 
-1, 
-1, 
-1, 
-1, 
-1, 
-1, 
-1, 
-1, 
-1, 
-1, 
-1, 
-1, 
-1, 
-1, 
-1, 
-1, 
-1, 
-1, 
-1, 
-1, 
-1, 
-1, 
-1, 
-1, 
-1, 
-1, 
-1, 
-1, 
-1, 
-1, 
-1, 
-1, 
-1, 
-1, 
-1, 
-1, 
-1, 
-1, 
-1, 
-1, 
-1, 
-1, 
-1, 
-1, 
-1, 
-1, 
-1, 
-1, 
-1, 
-1, 
254, 
220, 
92, 
85, 
106, 
106, 
113, 
121, 
144, 
131, 
150, 
169, 
-1, 
169, 
223, 
235, 
107, 
115, 
151, 
157, 
163, 
230, 
93, 
117, 
142, 
123, 
105, 
-1, 
-1, 
105, 
120, 
120, 
103, 
124, 
146, 
146, 
149, 
153, 
-1, 
153, 
188, 
224, 
224, 
121, 
98, 
123, 
114, 
146, 
136, 
136, 
138, 
140, 
98, 
86, 
114, 
114, 
101, 
108, 
115, 
108, 
108, 
114, 
121, 
143, 
136, 
129, 
122, 
162, 
217, 
217, 
149, 
161, 
120, 
151, 
216, 
242, 
205, 
105, 
143, 
116, 
90, 
90, 
106, 
123, 
123, 
140, 
140, 
129, 
138, 
148, 
161, 
175, 
170, 
166, 
184, 
203, 
203, 
218, 
218, 
210, 
218, 
226, 
-1, 
226, 
236, 
236, 
244, 
253, 
-1, 
-1, 
-1, 
-1, 
-1, 
-1, 
-1, 
-1, 
-1, 
-1, 
-1, 
-1, 
-1, 
-1, 
-1, 
-1, 
-1, 
-1, 
-1, 
-1, 
-1, 
-1, 
-1, 
-1, 
-1, 
-1, 
-1, 
-1, 
-1, 
-1, 
-1, 
-1, 
-1, 
-1, 
-1, 
-1, 
-1, 
-1, 
-1, 
-1, 
-1, 
-1, 
-1, 
-1, 
-1, 
-1, 
-1, 
-1, 
-1, 
-1, 
-1, 
-1, 
-1, 
-1, 
-1, 
-1, 
-1, 
-1, 
-1, 
-1, 
-1, 
-1, 
-1, 
-1, 
-1, 
-1, 
-1, 
-1, 
-1, 
-1, 
-1, 
-1, 
-1, 
-1, 
-1, 
-1, 
-1, 
-1, 
-1, 
-1, 
-1, 
-1, 
-1, 
-1, 
-1, 
-1, 
-1, 
-1, 
-1, 
-1, 
-1, 
-1, 
-1, 
-1, 
-1, 
-1, 
-1, 
-1, 
-1, 
-1, 
-1, 
-1, 
-1, 
-1, 
-1, 
-1, 
-1, 
-1, 
-1, 
-1, 
-1, 
253, 
184, 
116, 
110, 
142, 
130, 
145, 
161, 
136, 
163, 
191, 
188, 
185, 
215, 
225, 
225, 
165, 
-1, 
165, 
172, 
208, 
143, 
79, 
183, 
137, 
115, 
133, 
126, 
140, 
155, 
144, 
134, 
123, 
150, 
150, 
161, 
172, 
163, 
155, 
163, 
193, 
224, 
224, 
158, 
160, 
163, 
165, 
-1, 
165, 
174, 
164, 
107, 
132, 
121, 
111, 
132, 
106, 
124, 
142, 
123, 
126, 
129, 
132, 
135, 
125, 
140, 
155, 
220, 
210, 
147, 
147, 
138, 
179, 
220, 
242, 
199, 
122, 
144, 
138, 
150, 
137, 
143, 
130, 
137, 
144, 
129, 
129, 
140, 
152, 
172, 
192, 
193, 
195, 
192, 
189, 
198, 
208, 
217, 
-1, 
-1, 
217, 
221, 
224, 
228, 
232, 
-1, 
-1, 
232, 
254, 
-1, 
254, 
252, 
251, 
249, 
248, 
-1, 
-1, 
-1, 
-1, 
248, 
248, 
248, 
248, 
248, 
248, 
248, 
248, 
248, 
248, 
249, 
249, 
249, 
249, 
249, 
249, 
249, 
249, 
249, 
249, 
249, 
249, 
249, 
249, 
249, 
249, 
249, 
249, 
249, 
249, 
250, 
250, 
250, 
250, 
250, 
250, 
250, 
250, 
250, 
250, 
250, 
250, 
250, 
250, 
250, 
250, 
250, 
250, 
250, 
251, 
251, 
251, 
251, 
251, 
251, 
251, 
251, 
251, 
251, 
251, 
251, 
251, 
251, 
251, 
251, 
251, 
251, 
251, 
252, 
252, 
252, 
252, 
252, 
252, 
252, 
252, 
252, 
252, 
252, 
252, 
252, 
252, 
252, 
252, 
252, 
252, 
252, 
252, 
253, 
253, 
253, 
253, 
253, 
253, 
253, 
253, 
253, 
253, 
211, 
97, 
97, 
116, 
116, 
147, 
133, 
133, 
179, 
225, 
233, 
242, 
225, 
241, 
167, 
113, 
131, 
104, 
124, 
116, 
142, 
136, 
149, 
222, 
239, 
-1, 
-1, 
239, 
139, 
91, 
130, 
131, 
132, 
141, 
170, 
181, 
193, 
229, 
235, 
242, 
242, 
98, 
116, 
109, 
102, 
123, 
117, 
137, 
143, 
170, 
159, 
149, 
217, 
230, 
243, 
243, 
98, 
86, 
133, 
155, 
155, 
122, 
142, 
148, 
154, 
176, 
179, 
183, 
186, 
190, 
164, 
138, 
130, 
123, 
132, 
141, 
178, 
172, 
167, 
161, 
172, 
225, 
243, 
235, 
228, 
208, 
158, 
135, 
145, 
185, 
226, 
247, 
-1, 
-1, 
-1, 
247, 
199, 
152, 
104, 
132, 
-1, 
132, 
145, 
115, 
122, 
104, 
104, 
113, 
122, 
181, 
-1, 
181, 
147, 
113, 
113, 
120, 
144, 
124, 
150, 
150, 
169, 
169, 
185, 
185, 
175, 
158, 
141, 
154, 
208, 
237, 
237, 
118, 
156, 
120, 
108, 
-1, 
-1, 
-1, 
108, 
116, 
116, 
123, 
114, 
121, 
139, 
139, 
126, 
134, 
114, 
125, 
160, 
195, 
195, 
170, 
-1, 
170, 
201, 
201, 
203, 
205, 
205, 
197, 
220, 
243, 
-1, 
-1, 
-1, 
-1, 
243, 
244, 
245, 
246, 
247, 
249, 
250, 
251, 
252, 
253, 
-1, 
-1, 
-1, 
-1, 
-1, 
-1, 
-1, 
-1, 
-1, 
-1, 
-1, 
-1, 
-1, 
-1, 
-1, 
-1, 
-1, 
-1, 
-1, 
-1, 
-1, 
-1, 
-1, 
-1, 
-1, 
-1, 
-1, 
-1, 
-1, 
-1, 
-1, 
-1, 
-1, 
-1, 
-1, 
-1, 
-1, 
-1, 
-1, 
253, 
232, 
156, 
114, 
86, 
107, 
107, 
121, 
157, 
150, 
112, 
169, 
-1, 
169, 
232, 
232, 
134, 
134, 
159, 
159, 
197, 
176, 
79, 
116, 
129, 
73, 
73, 
128, 
-1, 
128, 
138, 
127, 
117, 
126, 
118, 
135, 
152, 
195, 
167, 
167, 
204, 
242, 
167, 
93, 
121, 
136, 
151, 
143, 
147, 
151, 
155, 
91, 
103, 
94, 
108, 
108, 
124, 
124, 
83, 
59, 
102, 
106, 
110, 
114, 
118, 
118, 
129, 
154, 
225, 
209, 
154, 
163, 
141, 
155, 
210, 
240, 
158, 
76, 
142, 
142, 
107, 
107, 
99, 
124, 
130, 
114, 
114, 
131, 
104, 
127, 
150, 
157, 
164, 
171, 
178, 
171, 
185, 
200, 
-1, 
-1, 
200, 
205, 
210, 
216, 
221, 
226, 
231, 
231, 
247, 
-1, 
-1, 
-1, 
-1, 
-1, 
-1, 
247, 
247, 
247, 
248, 
248, 
248, 
248, 
249, 
249, 
249, 
249, 
250, 
250, 
250, 
250, 
251, 
251, 
251, 
251, 
252, 
252, 
-1, 
-1, 
-1, 
-1, 
-1, 
-1, 
-1, 
-1, 
-1, 
-1, 
-1, 
-1, 
-1, 
-1, 
-1, 
-1, 
-1, 
-1, 
-1, 
-1, 
-1, 
-1, 
-1, 
-1, 
-1, 
-1, 
-1, 
-1, 
-1, 
-1, 
-1, 
-1, 
-1, 
-1, 
-1, 
-1, 
-1, 
-1, 
-1, 
-1, 
-1, 
-1, 
-1, 
-1, 
-1, 
-1, 
-1, 
-1, 
-1, 
-1, 
-1, 
-1, 
-1, 
-1, 
-1, 
-1, 
-1, 
-1, 
-1, 
-1, 
-1, 
-1, 
-1, 
-1, 
-1, 
-1, 
-1, 
-1, 
-1, 
-1, 
-1, 
-1, 
-1, 
-1, 
-1, 
-1, 
252, 
99, 
99, 
109, 
149, 
-1, 
149, 
144, 
139, 
85, 
104, 
104, 
142, 
150, 
145, 
140, 
182, 
105, 
84, 
105, 
114, 
88, 
131, 
106, 
93, 
93, 
162, 
156, 
150, 
-1, 
150, 
179, 
235, 
241, 
15, 
117, 
152, 
86, 
96, 
88, 
111, 
135, 
151, 
168, 
168, 
188, 
208, 
228, 
239, 
128, 
101, 
90, 
118, 
93, 
93, 
117, 
117, 
122, 
127, 
132, 
163, 
163, 
154, 
104, 
80, 
80, 
100, 
137, 
175, 
153, 
132, 
-1, 
132, 
138, 
159, 
199, 
132, 
126, 
138, 
94, 
103, 
134, 
149, 
165, 
143, 
147, 
150, 
154, 
175, 
196, 
163, 
156, 
83, 
83, 
96, 
85, 
74, 
74, 
84, 
94, 
107, 
121, 
121, 
140, 
158, 
177, 
185, 
194, 
187, 
180, 
180, 
200, 
205, 
209, 
214, 
206, 
206, 
219, 
231, 
244, 
224, 
-1, 
224, 
237, 
250, 
-1, 
-1, 
-1, 
-1, 
-1, 
-1, 
-1, 
-1, 
-1, 
-1, 
-1, 
-1, 
-1, 
-1, 
-1, 
-1, 
-1, 
-1, 
-1, 
-1, 
-1, 
-1, 
-1, 
-1, 
-1, 
-1, 
-1, 
-1, 
-1, 
-1, 
-1, 
-1, 
-1, 
-1, 
-1, 
-1, 
-1, 
-1, 
-1, 
-1, 
-1, 
-1, 
-1, 
-1, 
-1, 
-1, 
-1, 
-1, 
-1, 
-1, 
-1, 
-1, 
-1, 
-1, 
-1, 
-1, 
-1, 
-1, 
-1, 
-1, 
-1, 
-1, 
-1, 
-1, 
-1, 
-1, 
-1, 
-1, 
-1, 
-1, 
-1, 
-1, 
-1, 
250, 
244, 
249, 
254, 
-1, 
-1, 
-1, 
-1, 
-1, 
-1, 
-1, 
-1, 
-1, 
-1, 
-1, 
-1, 
-1, 
-1, 
-1, 
-1, 
-1, 
-1, 
-1, 
-1, 
-1, 
254, 
229, 
81, 
37, 
127, 
112, 
97, 
122, 
105, 
130, 
226, 
239, 
239, 
220, 
230, 
240, 
240, 
74, 
103, 
113, 
123, 
123, 
179, 
221, 
210, 
177, 
172, 
167, 
162, 
162, 
62, 
151, 
67, 
144, 
81, 
81, 
108, 
80, 
105, 
92, 
92, 
123, 
116, 
148, 
181, 
172, 
163, 
163, 
199, 
199, 
189, 
180, 
196, 
213, 
238, 
248, 
-1, 
248, 
166, 
71, 
92, 
92, 
121, 
114, 
180, 
180, 
164, 
-1, 
164, 
174, 
167, 
144, 
120, 
97, 
97, 
114, 
114, 
136, 
129, 
144, 
225, 
225, 
232, 
240, 
170, 
76, 
109, 
112, 
115, 
124, 
133, 
154, 
217, 
225, 
126, 
117, 
150, 
202, 
146, 
103, 
61, 
80, 
122, 
139, 
100, 
211, 
211, 
201, 
192, 
208, 
223, 
239, 
225, 
77, 
101, 
125, 
-1, 
125, 
136, 
119, 
140, 
129, 
162, 
181, 
201, 
201, 
187, 
106, 
106, 
96, 
117, 
117, 
150, 
184, 
217, 
213, 
209, 
195, 
195, 
179, 
90, 
106, 
106, 
120, 
120, 
124, 
127, 
131, 
125, 
127, 
129, 
141, 
154, 
146, 
-1, 
146, 
133, 
121, 
148, 
158, 
152, 
160, 
147, 
135, 
135, 
152, 
170, 
173, 
177, 
169, 
161, 
153, 
153, 
160, 
190, 
180, 
170, 
170, 
153, 
153, 
166, 
191, 
191, 
204, 
190, 
177, 
-1, 
177, 
199, 
222, 
212, 
188, 
175, 
191, 
191, 
206, 
221, 
221, 
227, 
221, 
230, 
240, 
249, 
-1, 
-1, 
-1, 
-1, 
-1, 
-1, 
-1, 
-1, 
-1, 
-1, 
-1, 
-1, 
-1, 
-1, 
-1, 
-1, 
-1, 
-1, 
-1, 
-1, 
-1, 
-1, 
-1, 
-1, 
-1, 
-1, 
-1, 
-1, 
-1, 
-1, 
-1, 
-1, 
-1, 
-1, 
-1, 
-1, 
-1, 
-1, 
-1, 
-1, 
-1, 
-1, 
-1, 
-1, 
-1, 
-1, 
-1, 
-1, 
-1, 
-1, 
-1, 
-1, 
-1, 
-1, 
-1, 
-1, 
-1, 
-1, 
-1, 
-1, 
-1, 
-1, 
-1, 
-1, 
-1, 
-1, 
-1, 
-1, 
-1, 
-1, 
-1, 
-1, 
-1, 
-1, 
-1, 
-1, 
-1, 
-1, 
-1, 
-1, 
-1, 
-1, 
-1, 
-1, 
-1, 
-1, 
-1, 
-1, 
-1, 
-1, 
-1, 
-1, 
-1, 
-1, 
-1, 
-1, 
-1, 
-1, 
-1, 
-1, 
-1, 
-1, 
-1, 
-1, 
-1, 
-1, 
-1, 
-1, 
-1, 
-1, 
-1, 
-1, 
-1, 
-1, 
-1, 
-1, 
-1, 
-1, 
-1, 
-1, 
-1, 
-1, 
-1, 
-1, 
-1, 
-1, 
-1, 
-1, 
-1, 
-1, 
-1, 
-1, 
-1, 
-1, 
-1, 
-1, 
-1, 
-1, 
-1, 
-1, 
-1, 
-1, 
-1, 
-1, 
-1, 
-1, 
-1, 
-1, 
-1, 
-1, 
-1, 
-1, 
-1, 
-1, 
-1, 
-1, 
-1, 
-1, 
-1, 
-1, 
-1, 
-1, 
-1, 
-1, 
-1, 
-1, 
-1, 
-1, 
-1, 
-1, 
-1, 
-1, 
-1, 
-1, 
-1, 
-1, 
-1, 
-1, 
-1, 
-1, 
-1, 
-1, 
-1, 
-1, 
-1, 
-1, 
-1, 
-1, 
-1, 
-1, 
-1, 
-1, 
-1, 
-1, 
-1, 
-1, 
-1, 
-1, 
-1, 
-1, 
-1, 
-1, 
-1, 
-1, 
-1, 
-1, 
-1, 
-1, 
-1, 
-1, 
-1, 
-1, 
-1, 
-1, 
-1, 
-1, 
-1, 
-1, 
-1, 
-1, 
-1, 
-1, 
-1, 
-1, 
-1, 
-1, 
-1, 
-1, 
-1, 
-1, 
-1, 
-1, 
-1, 
-1, 
-1, 
-1, 
-1, 
-1, 
-1, 
-1, 
-1, 
-1, 
-1, 
-1, 
-1, 
-1, 
-1, 
-1, 
-1, 
-1, 
-1, 
-1, 
-1, 
-1, 
-1, 
-1, 
-1, 
-1, 
-1, 
-1, 
-1, 
-1, 
-1, 
-1, 
-1, 
-1, 
-1, 
-1, 
-1, 
-1, 
-1, 
-1, 
-1, 
-1, 
-1, 
-1, 
-1, 
-1, 
-1, 
-1, 
-1, 
-1, 
-1, 
-1, 
-1, 
-1, 
-1, 
-1, 
-1, 
-1, 
-1, 
-1, 
-1, 
-1, 
-1, 
-1, 
-1, 
-1, 
-1, 
-1, 
-1, 
-1, 
-1, 
-1, 
-1, 
-1, 
-1, 
-1, 
-1, 
-1, 
-1, 
-1, 
-1, 
249, 
236, 
113, 
96, 
136, 
123, 
157, 
191, 
181, 
161, 
142, 
133, 
100, 
110, 
120, 
130, 
140, 
128, 
135, 
142, 
150, 
157, 
181, 
187, 
155, 
241, 
-1, 
241, 
226, 
113, 
93, 
111, 
79, 
79, 
109, 
-1, 
109, 
100, 
130, 
139, 
160, 
160, 
182, 
220, 
112, 
102, 
115, 
174, 
165, 
219, 
144, 
98, 
114, 
85, 
100, 
81, 
50, 
96, 
91, 
86, 
100, 
93, 
93, 
79, 
79, 
90, 
102, 
187, 
226, 
219, 
166, 
114, 
78, 
124, 
170, 
155, 
140, 
125, 
132, 
102, 
93, 
85, 
85, 
128, 
149, 
122, 
96, 
114, 
131, 
149, 
167, 
146, 
125, 
125, 
143, 
193, 
214, 
126, 
159, 
100, 
86, 
131, 
220, 
238, 
177, 
156, 
156, 
99, 
86, 
103, 
99, 
96, 
107, 
83, 
70, 
93, 
83, 
108, 
108, 
125, 
125, 
191, 
171, 
-1, 
171, 
162, 
162, 
170, 
179, 
195, 
212, 
212, 
239, 
239, 
240, 
242, 
243, 
244, 
246, 
247, 
-1, 
-1, 
-1, 
-1, 
-1, 
-1, 
-1, 
-1, 
-1, 
247, 
253, 
240, 
97, 
108, 
100, 
114, 
128, 
150, 
158, 
167, 
175, 
175, 
164, 
-1, 
164, 
133, 
75, 
117, 
109, 
143, 
137, 
79, 
-1, 
-1, 
-1, 
79, 
115, 
180, 
172, 
131, 
-1, 
131, 
122, 
132, 
104, 
110, 
117, 
117, 
161, 
131, 
134, 
137, 
129, 
86, 
86, 
78, 
112, 
124, 
105, 
105, 
115, 
125, 
135, 
207, 
226, 
208, 
68, 
123, 
221, 
228, 
235, 
224, 
128, 
94, 
120, 
92, 
110, 
129, 
-1, 
129, 
110, 
116, 
121, 
127, 
124, 
121, 
121, 
118, 
116, 
94, 
123, 
130, 
121, 
121, 
115, 
110, 
104, 
146, 
139, 
-1, 
-1, 
139, 
166, 
174, 
182, 
170, 
132, 
132, 
158, 
185, 
-1, 
185, 
194, 
177, 
226, 
-1, 
226, 
183, 
195, 
227, 
247, 
-1, 
-1, 
-1, 
-1, 
-1, 
-1, 
-1, 
-1, 
-1, 
-1, 
-1, 
247, 
247, 
247, 
248, 
248, 
248, 
248, 
249, 
249, 
249, 
249, 
250, 
250, 
250, 
250, 
251, 
251, 
251, 
251, 
252, 
252, 
252, 
252, 
253, 
253, 
253, 
142, 
87, 
110, 
93, 
100, 
131, 
131, 
154, 
178, 
165, 
165, 
171, 
183, 
195, 
88, 
99, 
92, 
108, 
124, 
140, 
202, 
232, 
-1, 
-1, 
-1, 
232, 
170, 
56, 
43, 
104, 
104, 
177, 
210, 
228, 
228, 
159, 
91, 
64, 
71, 
137, 
129, 
120, 
112, 
112, 
150, 
-1, 
150, 
139, 
190, 
-1, 
190, 
184, 
208, 
131, 
131, 
83, 
93, 
93, 
110, 
110, 
150, 
191, 
190, 
189, 
230, 
200, 
170, 
140, 
140, 
162, 
184, 
141, 
-1, 
141, 
152, 
130, 
108, 
-1, 
108, 
128, 
134, 
112, 
108, 
105, 
129, 
153, 
177, 
138, 
111, 
117, 
122, 
128, 
189, 
189, 
150, 
112, 
132, 
164, 
-1, 
164, 
184, 
174, 
165, 
170, 
176, 
181, 
173, 
165, 
80, 
152, 
78, 
97, 
117, 
110, 
151, 
193, 
234, 
225, 
159, 
-1, 
159, 
112, 
117, 
123, 
128, 
178, 
178, 
161, 
105, 
170, 
68, 
68, 
129, 
140, 
111, 
83, 
71, 
71, 
63, 
83, 
83, 
72, 
72, 
77, 
81, 
86, 
91, 
76, 
113, 
131, 
-1, 
131, 
99, 
68, 
47, 
142, 
127, 
127, 
142, 
-1, 
142, 
128, 
-1, 
128, 
170, 
183, 
196, 
196, 
160, 
189, 
218, 
239, 
239, 
233, 
237, 
242, 
246, 
-1, 
-1, 
-1, 
-1, 
-1, 
-1, 
246, 
246, 
247, 
247, 
247, 
247, 
248, 
248, 
248, 
248, 
249, 
249, 
249, 
250, 
250, 
250, 
250, 
251, 
251, 
251, 
252, 
252, 
252, 
252, 
253, 
253, 
253, 
253, 
254, 
254, 
206, 
103, 
63, 
74, 
85, 
114, 
107, 
118, 
118, 
101, 
85, 
105, 
125, 
125, 
153, 
106, 
113, 
120, 
-1, 
120, 
228, 
238, 
191, 
179, 
210, 
242, 
242, 
236, 
97, 
84, 
106, 
100, 
73, 
63, 
-1, 
63, 
88, 
114, 
114, 
127, 
141, 
126, 
112, 
156, 
201, 
182, 
189, 
226, 
167, 
109, 
94, 
201, 
175, 
149, 
161, 
161, 
121, 
95, 
115, 
115, 
75, 
92, 
83, 
96, 
152, 
175, 
198, 
221, 
169, 
100, 
123, 
133, 
116, 
-1, 
116, 
222, 
222, 
231, 
141, 
141, 
153, 
116, 
134, 
96, 
132, 
230, 
230, 
209, 
172, 
192, 
158, 
142, 
142, 
87, 
112, 
157, 
133, 
110, 
110, 
136, 
163, 
163, 
150, 
138, 
165, 
193, 
207, 
155, 
64, 
84, 
105, 
145, 
145, 
216, 
193, 
193, 
196, 
199, 
175, 
152, 
126, 
133, 
117, 
125, 
197, 
227, 
239, 
135, 
113, 
91, 
164, 
90, 
57, 
88, 
119, 
88, 
57, 
67, 
56, 
46, 
61, 
-1, 
61, 
50, 
52, 
54, 
112, 
141, 
127, 
114, 
114, 
80, 
94, 
109, 
130, 
109, 
109, 
86, 
86, 
101, 
-1, 
101, 
122, 
106, 
117, 
145, 
128, 
184, 
153, 
140, 
140, 
214, 
240, 
-1, 
-1, 
-1, 
240, 
240, 
240, 
241, 
241, 
242, 
243, 
244, 
245, 
247, 
248, 
249, 
250, 
251, 
-1, 
-1, 
-1, 
-1, 
-1, 
-1, 
-1, 
-1, 
-1, 
-1, 
-1, 
-1, 
-1, 
-1, 
-1, 
-1, 
-1, 
-1, 
-1, 
-1, 
-1, 
-1, 
-1, 
-1, 
-1, 
-1, 
-1, 
-1, 
-1, 
-1, 
-1, 
-1, 
-1, 
-1, 
-1, 
-1, 
-1, 
-1, 
-1, 
-1, 
-1, 
-1, 
-1, 
-1, 
-1, 
-1, 
-1, 
-1, 
-1, 
-1, 
-1, 
251, 
125, 
20, 
79, 
154, 
188, 
177, 
149, 
122, 
80, 
70, 
103, 
103, 
118, 
134, 
127, 
103, 
103, 
126, 
149, 
165, 
165, 
155, 
146, 
165, 
185, 
144, 
122, 
101, 
64, 
76, 
69, 
79, 
68, 
58, 
97, 
153, 
128, 
84, 
203, 
219, 
122, 
84, 
99, 
130, 
205, 
227, 
227, 
95, 
95, 
62, 
62, 
46, 
-1, 
-1, 
-1, 
46, 
39, 
65, 
65, 
115, 
165, 
-1, 
-1, 
165, 
193, 
221, 
142, 
119, 
97, 
97, 
166, 
195, 
225, 
71, 
71, 
77, 
101, 
29, 
91, 
74, 
99, 
85, 
71, 
91, 
123, 
102, 
125, 
189, 
182, 
149, 
117, 
199, 
213, 
164, 
132, 
45, 
185, 
170, 
176, 
212, 
124, 
153, 
74, 
64, 
147, 
51, 
111, 
84, 
72, 
43, 
85, 
85, 
126, 
137, 
93, 
93, 
125, 
142, 
108, 
128, 
148, 
168, 
198, 
228, 
235, 
231, 
227, 
241, 
241, 
234, 
239, 
245, 
-1, 
-1, 
-1, 
-1, 
-1, 
-1, 
245, 
246, 
247, 
248, 
248, 
249, 
250, 
251, 
252, 
67, 
84, 
101, 
101, 
130, 
179, 
-1, 
179, 
162, 
145, 
128, 
147, 
226, 
226, 
20, 
35, 
35, 
48, 
175, 
214, 
226, 
226, 
76, 
103, 
131, 
105, 
114, 
104, 
115, 
115, 
136, 
145, 
199, 
181, 
148, 
162, 
156, 
174, 
-1, 
174, 
97, 
65, 
65, 
85, 
126, 
-1, 
126, 
116, 
106, 
106, 
114, 
114, 
142, 
155, 
106, 
68, 
103, 
213, 
221, 
230, 
140, 
51, 
121, 
55, 
80, 
80, 
68, 
86, 
79, 
89, 
99, 
99, 
92, 
113, 
113, 
72, 
32, 
0, 
100, 
79, 
91, 
87, 
83, 
46, 
92, 
92, 
68, 
99, 
52, 
95, 
105, 
129, 
154, 
114, 
173, 
190, 
153, 
179, 
185, 
192, 
198, 
205, 
191, 
206, 
235, 
247, 
-1, 
-1, 
-1, 
-1, 
-1, 
-1, 
-1, 
-1, 
-1, 
-1, 
247, 
247, 
247, 
248, 
248, 
248, 
248, 
248, 
249, 
249, 
249, 
249, 
249, 
250, 
250, 
250, 
250, 
251, 
251, 
251, 
251, 
251, 
252, 
252, 
252, 
252, 
252, 
253, 
253, 
253, 
192, 
70, 
116, 
122, 
129, 
135, 
129, 
155, 
181, 
163, 
-1, 
163, 
180, 
211, 
88, 
123, 
44, 
62, 
80, 
146, 
194, 
179, 
187, 
177, 
167, 
-1, 
167, 
132, 
98, 
98, 
85, 
113, 
105, 
124, 
109, 
226, 
232, 
239, 
235, 
231, 
84, 
103, 
92, 
99, 
130, 
120, 
110, 
116, 
122, 
140, 
158, 
176, 
162, 
178, 
144, 
95, 
95, 
105, 
116, 
100, 
112, 
105, 
98, 
98, 
84, 
191, 
185, 
185, 
123, 
94, 
94, 
109, 
174, 
141, 
-1, 
141, 
72, 
81, 
90, 
99, 
117, 
136, 
126, 
186, 
200, 
188, 
188, 
219, 
205, 
71, 
118, 
218, 
238, 
238, 
217, 
113, 
153, 
164, 
222, 
242, 
184, 
148, 
123, 
98, 
88, 
114, 
141, 
141, 
135, 
129, 
149, 
124, 
99, 
128, 
183, 
183, 
166, 
92, 
122, 
122, 
162, 
132, 
73, 
132, 
85, 
96, 
177, 
135, 
74, 
121, 
72, 
91, 
91, 
100, 
100, 
92, 
68, 
76, 
66, 
-1, 
-1, 
66, 
54, 
73, 
66, 
81, 
71, 
77, 
84, 
152, 
109, 
84, 
84, 
93, 
125, 
125, 
90, 
83, 
90, 
98, 
149, 
182, 
182, 
170, 
159, 
159, 
199, 
193, 
-1, 
-1, 
193, 
200, 
228, 
-1, 
228, 
242, 
-1, 
242, 
243, 
243, 
244, 
244, 
245, 
245, 
246, 
246, 
247, 
247, 
248, 
249, 
249, 
250, 
250, 
251, 
251, 
252, 
252, 
253, 
253, 
254, 
-1, 
-1, 
-1, 
-1, 
-1, 
-1, 
-1, 
-1, 
-1, 
-1, 
-1, 
-1, 
-1, 
254, 
180, 
94, 
-1, 
94, 
82, 
114, 
146, 
146, 
164, 
168, 
171, 
175, 
195, 
175, 
97, 
148, 
162, 
159, 
157, 
202, 
192, 
183, 
173, 
173, 
224, 
241, 
229, 
85, 
95, 
73, 
-1, 
-1, 
73, 
58, 
87, 
101, 
115, 
162, 
210, 
199, 
178, 
158, 
88, 
98, 
98, 
104, 
223, 
223, 
209, 
195, 
199, 
203, 
190, 
178, 
85, 
141, 
110, 
79, 
97, 
133, 
105, 
144, 
119, 
126, 
134, 
134, 
116, 
116, 
84, 
105, 
105, 
92, 
101, 
92, 
-1, 
92, 
218, 
218, 
224, 
166, 
152, 
76, 
141, 
141, 
173, 
205, 
205, 
195, 
186, 
113, 
97, 
132, 
111, 
121, 
131, 
118, 
85, 
85, 
109, 
117, 
125, 
133, 
173, 
198, 
-1, 
198, 
204, 
227, 
187, 
213, 
239, 
229, 
240, 
231, 
231, 
235, 
240, 
244, 
249, 
215, 
85, 
75, 
88, 
113, 
122, 
197, 
207, 
217, 
152, 
87, 
76, 
98, 
91, 
111, 
103, 
96, 
88, 
68, 
79, 
127, 
81, 
65, 
106, 
75, 
97, 
79, 
97, 
90, 
134, 
112, 
91, 
134, 
71, 
87, 
87, 
102, 
117, 
98, 
80, 
74, 
83, 
93, 
93, 
115, 
91, 
102, 
113, 
137, 
116, 
96, 
75, 
94, 
114, 
163, 
163, 
150, 
150, 
137, 
124, 
95, 
186, 
202, 
-1, 
202, 
190, 
212, 
212, 
233, 
233, 
238, 
244, 
249, 
243, 
-1, 
-1, 
243, 
244, 
246, 
247, 
249, 
250, 
252, 
-1, 
-1, 
-1, 
-1, 
-1, 
-1, 
-1, 
-1, 
-1, 
-1, 
-1, 
-1, 
-1, 
-1, 
-1, 
-1, 
-1, 
-1, 
-1, 
-1, 
-1, 
-1, 
-1, 
252, 
244, 
129, 
111, 
57, 
84, 
93, 
103, 
112, 
122, 
98, 
116, 
-1, 
116, 
164, 
164, 
177, 
126, 
126, 
173, 
140, 
124, 
124, 
102, 
102, 
103, 
97, 
92, 
114, 
114, 
109, 
104, 
99, 
94, 
105, 
92, 
92, 
102, 
112, 
112, 
99, 
110, 
99, 
89, 
104, 
90, 
100, 
110, 
96, 
98, 
99, 
101, 
110, 
119, 
110, 
119, 
106, 
120, 
-1, 
-1, 
120, 
126, 
110, 
126, 
119, 
113, 
113, 
107, 
120, 
-1, 
-1, 
-1, 
120, 
116, 
112, 
122, 
133, 
-1, 
133, 
115, 
115, 
132, 
-1, 
-1, 
-1, 
-1, 
-1, 
132, 
142, 
142, 
118, 
105, 
67, 
99, 
132, 
111, 
111, 
106, 
101, 
77, 
-1, 
77, 
83, 
127, 
151, 
195, 
179, 
164, 
148, 
148, 
109, 
109, 
128, 
128, 
102, 
119, 
137, 
120, 
186, 
-1, 
186, 
177, 
168, 
177, 
90, 
156, 
180, 
224, 
242, 
123, 
132, 
104, 
113, 
122, 
162, 
-1, 
162, 
122, 
-1, 
122, 
111, 
185, 
168, 
131, 
131, 
121, 
186, 
228, 
239, 
149, 
130, 
112, 
112, 
120, 
128, 
165, 
167, 
169, 
171, 
171, 
188, 
219, 
212, 
193, 
119, 
105, 
126, 
119, 
119, 
145, 
-1, 
-1, 
145, 
132, 
132, 
145, 
158, 
-1, 
-1, 
-1, 
158, 
171, 
171, 
181, 
181, 
171, 
162, 
169, 
177, 
199, 
199, 
172, 
172, 
179, 
186, 
193, 
200, 
194, 
189, 
189, 
194, 
198, 
203, 
208, 
-1, 
208, 
211, 
213, 
216, 
219, 
-1, 
-1, 
219, 
241, 
241, 
235, 
238, 
241, 
244, 
-1, 
244, 
239, 
235, 
241, 
246, 
252, 
252, 
215, 
146, 
118, 
118, 
78, 
72, 
91, 
-1, 
91, 
76, 
-1, 
76, 
68, 
81, 
93, 
106, 
-1, 
106, 
130, 
119, 
107, 
96, 
100, 
105, 
109, 
114, 
102, 
90, 
111, 
70, 
101, 
93, 
100, 
108, 
108, 
95, 
82, 
111, 
111, 
137, 
113, 
102, 
72, 
103, 
121, 
121, 
93, 
132, 
114, 
96, 
96, 
111, 
100, 
89, 
118, 
105, 
152, 
82, 
98, 
114, 
99, 
-1, 
99, 
84, 
115, 
147, 
113, 
119, 
125, 
134, 
144, 
122, 
157, 
213, 
221, 
230, 
214, 
101, 
101, 
119, 
137, 
114, 
-1, 
-1, 
-1, 
-1, 
114, 
123, 
110, 
127, 
127, 
112, 
201, 
220, 
204, 
218, 
191, 
165, 
131, 
131, 
102, 
161, 
168, 
155, 
116, 
77, 
123, 
155, 
139, 
139, 
131, 
123, 
115, 
115, 
131, 
-1, 
-1, 
131, 
121, 
112, 
102, 
93, 
93, 
102, 
112, 
-1, 
112, 
118, 
125, 
131, 
121, 
111, 
116, 
122, 
98, 
-1, 
-1, 
98, 
114, 
-1, 
-1, 
114, 
107, 
119, 
132, 
116, 
134, 
122, 
124, 
126, 
129, 
131, 
123, 
116, 
121, 
125, 
130, 
130, 
127, 
125, 
153, 
133, 
133, 
149, 
117, 
126, 
136, 
145, 
145, 
138, 
142, 
147, 
138, 
130, 
124, 
159, 
146, 
146, 
161, 
152, 
143, 
143, 
162, 
162, 
170, 
179, 
168, 
168, 
187, 
180, 
189, 
199, 
208, 
229, 
229, 
234, 
240, 
245, 
-1, 
-1, 
-1, 
-1, 
-1, 
-1, 
-1, 
-1, 
245, 
246, 
247, 
248, 
248, 
249, 
250, 
251, 
204, 
195, 
92, 
129, 
101, 
73, 
80, 
57, 
107, 
196, 
174, 
174, 
103, 
104, 
105, 
118, 
132, 
110, 
88, 
223, 
-1, 
223, 
232, 
128, 
112, 
96, 
151, 
126, 
118, 
110, 
110, 
117, 
125, 
107, 
107, 
119, 
-1, 
119, 
224, 
198, 
-1, 
198, 
191, 
161, 
112, 
87, 
116, 
129, 
143, 
173, 
190, 
190, 
173, 
212, 
225, 
238, 
131, 
138, 
158, 
92, 
114, 
149, 
160, 
172, 
159, 
159, 
169, 
159, 
159, 
169, 
-1, 
169, 
124, 
137, 
150, 
144, 
156, 
168, 
134, 
134, 
124, 
115, 
156, 
163, 
75, 
85, 
96, 
-1, 
96, 
126, 
170, 
-1, 
170, 
164, 
159, 
153, 
153, 
106, 
106, 
124, 
143, 
132, 
122, 
111, 
200, 
200, 
192, 
214, 
167, 
120, 
139, 
139, 
92, 
92, 
114, 
219, 
209, 
-1, 
209, 
165, 
94, 
134, 
144, 
154, 
154, 
148, 
191, 
191, 
186, 
180, 
175, 
170, 
-1, 
-1, 
170, 
154, 
138, 
123, 
107, 
107, 
98, 
89, 
89, 
90, 
117, 
117, 
143, 
132, 
206, 
233, 
233, 
146, 
100, 
110, 
151, 
140, 
162, 
162, 
179, 
171, 
164, 
156, 
178, 
220, 
213, 
177, 
166, 
156, 
166, 
176, 
-1, 
-1, 
-1, 
-1, 
176, 
177, 
178, 
180, 
181, 
182, 
183, 
185, 
186, 
184, 
183, 
181, 
181, 
186, 
191, 
191, 
188, 
185, 
182, 
179, 
176, 
189, 
-1, 
-1, 
189, 
179, 
169, 
180, 
191, 
183, 
189, 
181, 
173, 
173, 
191, 
184, 
-1, 
184, 
163, 
163, 
177, 
191, 
180, 
190, 
182, 
175, 
184, 
194, 
184, 
-1, 
-1, 
-1, 
-1, 
184, 
190, 
195, 
201, 
180, 
172, 
172, 
198, 
206, 
200, 
200, 
207, 
205, 
204, 
209, 
214, 
219, 
209, 
200, 
209, 
218, 
-1, 
-1, 
218, 
197, 
197, 
217, 
221, 
226, 
230, 
230, 
251, 
-1, 
-1, 
-1, 
-1, 
-1, 
-1, 
-1, 
-1, 
-1, 
-1, 
-1, 
-1, 
-1, 
-1, 
-1, 
-1, 
-1, 
-1, 
-1, 
-1, 
-1, 
-1, 
-1, 
-1, 
-1, 
-1, 
-1, 
-1, 
-1, 
-1, 
-1, 
-1, 
-1, 
-1, 
-1, 
-1, 
-1, 
-1, 
-1, 
-1, 
-1, 
-1, 
-1, 
-1, 
-1, 
-1, 
-1, 
-1, 
-1, 
-1, 
-1, 
-1, 
-1, 
-1, 
-1, 
-1, 
-1, 
-1, 
-1, 
-1, 
-1, 
-1, 
-1, 
-1, 
-1, 
-1, 
-1, 
-1, 
-1, 
-1, 
-1, 
-1, 
-1, 
-1, 
-1, 
-1, 
-1, 
-1, 
-1, 
-1, 
-1, 
-1, 
-1, 
-1, 
-1, 
-1, 
-1, 
-1, 
-1, 
-1, 
-1, 
-1, 
-1, 
-1, 
-1, 
-1, 
-1, 
-1, 
-1, 
-1, 
-1, 
-1, 
-1, 
-1, 
-1, 
-1, 
-1, 
-1, 
-1, 
-1, 
-1, 
-1, 
-1, 
-1, 
-1, 
-1, 
-1, 
-1, 
-1, 
-1, 
-1, 
-1, 
-1, 
-1, 
-1, 
-1, 
-1, 
-1, 
-1, 
-1, 
-1, 
-1, 
-1, 
-1, 
-1, 
-1, 
-1, 
-1, 
-1, 
-1, 
-1, 
-1, 
-1, 
-1, 
-1, 
-1, 
-1, 
-1, 
-1, 
-1, 
-1, 
-1, 
-1, 
-1, 
-1, 
-1, 
-1, 
-1, 
-1, 
-1, 
-1, 
-1, 
-1, 
-1, 
-1, 
-1, 
-1, 
-1, 
-1, 
-1, 
-1, 
-1, 
-1, 
-1, 
-1, 
-1, 
-1, 
-1, 
-1, 
-1, 
-1, 
-1, 
-1, 
-1, 
-1, 
-1, 
-1, 
-1, 
-1, 
-1, 
-1, 
-1, 
-1, 
-1, 
-1, 
-1, 
-1, 
-1, 
-1, 
-1, 
-1, 
-1, 
-1, 
-1, 
-1, 
-1, 
-1, 
-1, 
-1, 
-1, 
-1, 
-1, 
-1, 
-1, 
-1, 
-1, 
-1, 
-1, 
-1, 
-1, 
-1, 
-1, 
-1, 
-1, 
-1, 
-1, 
-1, 
-1, 
-1, 
-1, 
-1, 
-1, 
-1, 
-1, 
-1, 
-1, 
-1, 
-1, 
-1, 
-1, 
-1, 
-1, 
-1, 
-1, 
-1, 
-1, 
-1, 
-1, 
-1, 
-1, 
-1, 
-1, 
-1, 
-1, 
-1, 
-1, 
-1, 
-1, 
-1, 
-1, 
-1, 
-1, 
-1, 
-1, 
-1, 
-1, 
-1, 
-1, 
-1, 
-1, 
-1, 
-1, 
-1, 
-1, 
-1, 
-1, 
-1, 
-1, 
-1, 
-1, 
-1, 
-1, 
-1, 
-1, 
-1, 
-1, 
-1, 
-1, 
-1, 
-1, 
-1, 
-1, 
-1, 
-1, 
-1, 
-1, 
-1, 
-1, 
-1, 
-1, 
-1, 
-1, 
-1, 
-1, 
-1, 
-1, 
-1, 
-1, 
-1, 
-1, 
-1, 
-1, 
-1, 
-1, 
-1, 
-1, 
-1, 
-1, 
-1, 
-1, 
-1, 
-1, 
-1, 
-1, 
-1, 
-1, 
-1, 
-1, 
-1, 
-1, 
-1, 
-1, 
-1, 
-1, 
-1, 
-1, 
-1, 
-1, 
-1, 
-1, 
-1, 
-1, 
-1, 
-1, 
-1, 
-1, 
-1, 
-1, 
-1, 
-1, 
-1, 
-1, 
-1, 
-1, 
-1, 
-1, 
-1, 
-1, 
-1, 
-1, 
-1, 
-1, 
-1, 
-1, 
-1, 
-1, 
-1, 
-1, 
-1, 
-1, 
-1, 
-1, 
-1, 
-1, 
-1, 
-1, 
-1, 
-1, 
-1, 
-1, 
-1, 
-1, 
-1, 
-1, 
-1, 
-1, 
-1, 
-1, 
-1, 
-1, 
-1, 
-1, 
-1, 
-1, 
-1, 
-1, 
-1, 
-1, 
-1, 
-1, 
-1, 
-1, 
-1, 
-1, 
-1, 
-1, 
-1, 
-1, 
-1, 
-1, 
-1, 
-1, 
-1, 
-1, 
-1, 
-1, 
-1, 
-1, 
-1, 
-1, 
-1, 
-1, 
-1, 
-1, 
-1, 
-1, 
-1, 
-1, 
-1, 
-1, 
-1, 
-1, 
-1, 
-1, 
-1, 
-1, 
-1, 
-1, 
-1, 
-1, 
-1, 
-1, 
-1, 
-1, 
-1, 
-1, 
-1, 
-1, 
-1, 
-1, 
-1, 
-1, 
-1, 
-1, 
-1, 
-1, 
-1, 
-1, 
-1, 
-1, 
-1, 
-1, 
-1, 
-1, 
-1, 
-1, 
-1, 
-1, 
-1, 
-1, 
-1, 
-1, 
-1, 
-1, 
-1, 
-1, 
-1, 
-1, 
-1, 
-1, 
-1, 
-1, 
-1, 
-1, 
-1, 
-1, 
-1, 
-1, 
-1, 
-1, 
-1, 
-1, 
-1, 
-1, 
-1, 
-1, 
-1, 
-1, 
-1, 
-1, 
-1, 
-1, 
-1, 
-1, 
-1, 
-1, 
-1, 
-1, 
-1, 
-1, 
-1, 
-1, 
-1, 
-1, 
-1, 
-1, 
-1, 
-1, 
-1, 
-1, 
-1, 
-1, 
-1, 
-1, 
-1, 
-1, 
-1, 
-1, 
-1, 
-1, 
-1, 
-1, 
-1, 
-1, 
-1, 
-1, 
-1, 
-1, 
-1, 
-1, 
-1, 
-1, 
-1, 
-1, 
-1, 
-1, 
-1, 
-1, 
-1, 
-1, 
-1, 
-1, 
-1, 
-1, 
-1, 
-1, 
-1, 
-1, 
-1, 
-1, 
-1, 
-1, 
-1, 
-1, 
-1, 
-1, 
-1, 
-1, 
-1, 
-1, 
-1, 
-1, 
-1, 
-1, 
-1, 
-1, 
-1, 
-1, 
-1, 
-1, 
-1, 
-1, 
-1, 
-1, 
-1, 
-1, 
-1, 
-1, 
-1, 
-1, 
-1, 
-1, 
-1, 
-1, 
-1, 
-1, 
-1, 
-1, 
-1, 
-1, 
-1, 
-1, 
-1, 
-1, 
-1, 
-1, 
-1, 
-1, 
-1, 
-1, 
-1, 
-1, 
-1, 
-1, 
-1, 
-1, 
-1, 
-1, 
-1, 
-1, 
-1, 
-1, 
-1, 
-1, 
-1, 
-1, 
-1, 
-1, 
-1, 
-1, 
-1, 
-1, 
-1, 
-1, 
-1, 
-1, 
-1, 
-1, 
-1, 
-1, 
-1, 
-1, 
-1, 
-1, 
-1, 
-1, 
-1, 
-1, 
-1, 
-1, 
-1, 
-1, 
-1, 
-1, 
-1, 
-1, 
-1, 
-1, 
-1, 
-1, 
-1, 
-1, 
-1, 
-1, 
-1, 
-1, 
-1, 
-1, 
-1, 
-1, 
-1, 
-1, 
-1, 
-1, 
-1, 
-1, 
-1, 
-1, 
-1, 
-1, 
-1, 
-1, 
-1, 
-1, 
-1, 
-1, 
-1, 
-1, 
-1, 
-1, 
-1, 
-1, 
-1, 
-1, 
-1, 
-1, 
-1, 
-1, 
-1, 
-1, 
-1, 
-1, 
-1, 
-1, 
-1, 
-1, 
-1, 
-1, 
-1, 
-1, 
-1, 
-1, 
-1, 
-1, 
-1, 
-1, 
-1, 
-1, 
-1, 
-1, 
-1, 
-1, 
-1, 
-1, 
-1, 
-1, 
-1, 
-1, 
-1, 
-1, 
-1, 
-1, 
-1, 
-1, 
-1, 
-1, 
-1, 
-1, 
-1, 
-1, 
-1, 
-1, 
-1, 
-1, 
-1, 
-1, 
-1, 
-1, 
-1, 
-1, 
-1, 
-1, 
-1, 
-1, 
-1, 
-1, 
-1, 
-1, 
-1, 
-1, 
-1, 
-1, 
-1, 
-1, 
-1, 
-1, 
-1, 
-1, 
-1, 
-1, 
-1, 
-1, 
-1, 
-1, 
-1, 
-1, 
-1, 
-1, 
-1, 
-1, 
-1, 
-1, 
-1, 
-1, 
-1, 
-1, 
-1, 
-1, 
-1, 
-1, 
-1, 
-1, 
-1, 
-1, 
-1, 
-1, 
-1, 
-1, 
-1, 
-1, 
-1, 
-1, 
-1, 
-1, 
-1, 
-1, 
-1, 
-1, 
-1, 
-1, 
-1, 
-1, 
-1, 
-1, 
-1, 
-1, 
-1, 
-1, 
-1, 
-1, 
-1, 
-1, 
-1, 
-1, 
-1, 
-1, 
-1, 
-1, 
-1, 
-1, 
-1, 
-1, 
-1, 
-1, 
-1, 
-1, 
-1, 
-1, 
-1, 
-1, 
-1, 
-1, 
-1, 
-1, 
-1, 
-1, 
-1, 
-1, 
-1, 
-1, 
-1, 
-1, 
-1, 
251, 
216, 
182, 
104, 
104, 
119, 
135, 
122, 
122, 
129, 
137, 
167, 
164, 
162, 
162, 
135, 
90, 
90, 
139, 
-1, 
139, 
180, 
180, 
168, 
157, 
188, 
231, 
231, 
214, 
105, 
90, 
76, 
-1, 
76, 
90, 
137, 
215, 
193, 
203, 
203, 
155, 
120, 
140, 
112, 
101, 
107, 
113, 
113, 
135, 
157, 
157, 
148, 
140, 
114, 
128, 
115, 
84, 
101, 
101, 
115, 
144, 
207, 
190, 
173, 
161, 
150, 
131, 
195, 
169, 
78, 
97, 
139, 
120, 
134, 
126, 
208, 
197, 
187, 
-1, 
-1, 
187, 
166, 
60, 
101, 
62, 
88, 
79, 
86, 
71, 
84, 
116, 
148, 
121, 
185, 
197, 
197, 
161, 
125, 
116, 
161, 
154, 
162, 
148, 
134, 
93, 
79, 
45, 
75, 
75, 
98, 
67, 
76, 
86, 
125, 
116, 
77, 
124, 
137, 
131, 
126, 
162, 
175, 
147, 
119, 
203, 
210, 
205, 
201, 
196, 
203, 
234, 
239, 
244, 
236, 
237, 
238, 
239, 
240, 
242, 
243, 
244, 
245, 
246, 
247, 
238, 
244, 
251, 
86, 
122, 
127, 
133, 
125, 
199, 
190, 
182, 
206, 
153, 
166, 
179, 
179, 
153, 
83, 
112, 
160, 
137, 
114, 
77, 
63, 
72, 
93, 
86, 
142, 
-1, 
142, 
81, 
135, 
121, 
107, 
107, 
151, 
163, 
150, 
138, 
125, 
189, 
189, 
177, 
166, 
96, 
87, 
126, 
136, 
130, 
149, 
143, 
121, 
121, 
132, 
113, 
170, 
170, 
151, 
197, 
-1, 
197, 
181, 
201, 
234, 
196, 
82, 
101, 
121, 
155, 
124, 
118, 
112, 
148, 
148, 
141, 
133, 
126, 
126, 
115, 
123, 
114, 
125, 
108, 
114, 
121, 
127, 
127, 
135, 
142, 
150, 
129, 
153, 
127, 
127, 
158, 
172, 
187, 
166, 
166, 
199, 
-1, 
199, 
207, 
195, 
195, 
207, 
220, 
232, 
245, 
-1, 
-1, 
-1, 
-1, 
245, 
245, 
246, 
246, 
246, 
247, 
247, 
247, 
248, 
248, 
248, 
249, 
249, 
249, 
249, 
250, 
250, 
250, 
251, 
251, 
251, 
252, 
252, 
252, 
253, 
253, 
253, 
254, 
254, 
-1, 
-1, 
-1, 
-1, 
-1, 
254, 
202, 
119, 
-1, 
119, 
113, 
107, 
114, 
121, 
167, 
-1, 
167, 
152, 
179, 
206, 
109, 
86, 
64, 
79, 
79, 
141, 
112, 
159, 
207, 
197, 
188, 
188, 
180, 
172, 
69, 
121, 
121, 
144, 
167, 
168, 
169, 
146, 
158, 
170, 
170, 
133, 
152, 
44, 
44, 
70, 
84, 
131, 
179, 
194, 
-1, 
194, 
184, 
209, 
234, 
234, 
120, 
120, 
91, 
103, 
116, 
182, 
182, 
174, 
146, 
131, 
115, 
100, 
93, 
130, 
130, 
84, 
103, 
154, 
216, 
216, 
138, 
158, 
158, 
144, 
131, 
158, 
131, 
105, 
123, 
142, 
129, 
129, 
150, 
142, 
179, 
197, 
197, 
187, 
187, 
158, 
94, 
101, 
142, 
222, 
236, 
217, 
166, 
132, 
214, 
232, 
194, 
157, 
128, 
151, 
-1, 
-1, 
151, 
144, 
122, 
101, 
123, 
157, 
157, 
191, 
226, 
174, 
123, 
123, 
198, 
226, 
236, 
224, 
84, 
97, 
166, 
97, 
97, 
115, 
71, 
52, 
61, 
77, 
92, 
108, 
116, 
180, 
180, 
170, 
134, 
147, 
121, 
95, 
137, 
67, 
117, 
153, 
164, 
130, 
97, 
97, 
132, 
168, 
173, 
178, 
144, 
186, 
200, 
226, 
226, 
238, 
238, 
240, 
241, 
243, 
245, 
245, 
246, 
246, 
246, 
247, 
247, 
247, 
247, 
248, 
248, 
248, 
249, 
249, 
249, 
250, 
250, 
250, 
251, 
251, 
251, 
252, 
252, 
252, 
252, 
253, 
253, 
253, 
254, 
254, 
-1, 
-1, 
-1, 
-1, 
-1, 
-1, 
-1, 
-1, 
-1, 
-1, 
-1, 
254, 
100, 
152, 
128, 
114, 
101, 
111, 
99, 
124, 
100, 
91, 
100, 
90, 
110, 
158, 
152, 
133, 
115, 
96, 
78, 
59, 
79, 
99, 
119, 
119, 
126, 
133, 
206, 
206, 
97, 
97, 
91, 
103, 
142, 
110, 
133, 
125, 
135, 
222, 
182, 
192, 
184, 
123, 
123, 
118, 
114, 
132, 
120, 
109, 
131, 
137, 
143, 
133, 
163, 
147, 
-1, 
147, 
126, 
126, 
134, 
167, 
201, 
201, 
94, 
130, 
130, 
140, 
140, 
116, 
136, 
136, 
122, 
130, 
139, 
134, 
130, 
110, 
136, 
206, 
206, 
197, 
76, 
102, 
111, 
102, 
111, 
101, 
135, 
104, 
124, 
145, 
-1, 
-1, 
145, 
129, 
113, 
132, 
-1, 
132, 
150, 
227, 
227, 
206, 
122, 
148, 
175, 
236, 
-1, 
-1, 
-1, 
-1, 
-1, 
-1, 
-1, 
-1, 
236, 
242, 
248, 
155, 
62, 
62, 
134, 
73, 
73, 
117, 
161, 
161, 
147, 
147, 
41, 
68, 
68, 
57, 
47, 
59, 
71, 
46, 
40, 
44, 
49, 
53, 
79, 
55, 
32, 
43, 
11, 
44, 
51, 
86, 
45, 
45, 
106, 
87, 
83, 
79, 
75, 
61, 
76, 
91, 
91, 
107, 
88, 
96, 
105, 
113, 
98, 
98, 
78, 
78, 
111, 
111, 
104, 
159, 
153, 
163, 
163, 
177, 
215, 
195, 
-1, 
195, 
218, 
241, 
241, 
242, 
242, 
243, 
244, 
244, 
245, 
246, 
246, 
247, 
248, 
249, 
249, 
250, 
251, 
251, 
252, 
-1, 
-1, 
-1, 
-1, 
-1, 
-1, 
-1, 
-1, 
-1, 
-1, 
-1, 
-1, 
-1, 
-1, 
-1, 
-1, 
-1, 
-1, 
-1, 
-1, 
-1, 
-1, 
-1, 
-1, 
-1, 
-1, 
-1, 
-1, 
-1, 
-1, 
-1, 
-1, 
-1, 
-1, 
-1, 
-1, 
252, 
210, 
210, 
104, 
72, 
79, 
43, 
101, 
85, 
85, 
114, 
162, 
148, 
155, 
204, 
216, 
89, 
97, 
152, 
152, 
136, 
175, 
175, 
192, 
178, 
210, 
151, 
117, 
56, 
83, 
68, 
68, 
46, 
68, 
190, 
80, 
71, 
16, 
16, 
48, 
94, 
102, 
68, 
98, 
91, 
152, 
214, 
214, 
160, 
126, 
70, 
131, 
158, 
185, 
115, 
-1, 
115, 
135, 
87, 
93, 
66, 
132, 
162, 
140, 
140, 
72, 
150, 
215, 
160, 
121, 
42, 
124, 
187, 
201, 
216, 
124, 
110, 
69, 
99, 
66, 
66, 
73, 
81, 
80, 
79, 
139, 
162, 
120, 
137, 
137, 
127, 
-1, 
127, 
83, 
71, 
71, 
89, 
51, 
45, 
94, 
51, 
67, 
97, 
201, 
185, 
169, 
-1, 
-1, 
169, 
121, 
138, 
106, 
74, 
23, 
53, 
65, 
77, 
99, 
225, 
-1, 
225, 
121, 
77, 
77, 
131, 
45, 
92, 
217, 
217, 
183, 
163, 
180, 
214, 
222, 
230, 
65, 
20, 
136, 
146, 
55, 
64, 
73, 
103, 
134, 
153, 
195, 
183, 
238, 
206, 
197, 
216, 
209, 
202, 
238, 
213, 
93, 
79, 
169, 
169, 
158, 
158, 
149, 
46, 
94, 
101, 
85, 
85, 
148, 
-1, 
148, 
130, 
208, 
216, 
195, 
129, 
16, 
132, 
132, 
86, 
113, 
119, 
193, 
165, 
117, 
69, 
82, 
95, 
48, 
65, 
42, 
19, 
49, 
91, 
91, 
72, 
28, 
114, 
185, 
137, 
176, 
216, 
112, 
47, 
73, 
85, 
166, 
187, 
130, 
20, 
82, 
64, 
82, 
148, 
180, 
135, 
90, 
77, 
64, 
90, 
101, 
101, 
116, 
85, 
131, 
178, 
167, 
155, 
144, 
88, 
79, 
96, 
59, 
67, 
103, 
154, 
166, 
179, 
158, 
158, 
95, 
83, 
71, 
87, 
51, 
86, 
47, 
117, 
144, 
172, 
156, 
198, 
214, 
176, 
92, 
105, 
59, 
128, 
223, 
237, 
207, 
81, 
122, 
110, 
62, 
93, 
50, 
191, 
11, 
145, 
40, 
57, 
154, 
126, 
172, 
148, 
148, 
170, 
193, 
224, 
237, 
-1, 
237, 
239, 
242, 
244, 
-1, 
244, 
245, 
246, 
248, 
249, 
250, 
-1, 
-1, 
-1, 
-1, 
-1, 
-1, 
-1, 
-1, 
-1, 
-1, 
-1, 
-1, 
250, 
89, 
66, 
66, 
108, 
91, 
194, 
141, 
89, 
79, 
57, 
47, 
74, 
167, 
167, 
159, 
40, 
73, 
80, 
127, 
87, 
63, 
78, 
119, 
40, 
158, 
147, 
103, 
94, 
108, 
71, 
-1, 
71, 
93, 
79, 
144, 
144, 
165, 
142, 
133, 
125, 
95, 
84, 
119, 
108, 
98, 
87, 
87, 
105, 
139, 
173, 
159, 
217, 
229, 
160, 
92, 
108, 
84, 
154, 
212, 
234, 
165, 
121, 
59, 
76, 
94, 
49, 
117, 
20, 
34, 
161, 
50, 
50, 
98, 
108, 
135, 
-1, 
135, 
147, 
212, 
212, 
220, 
227, 
235, 
-1, 
235, 
238, 
240, 
243, 
-1, 
-1, 
243, 
244, 
244, 
245, 
246, 
246, 
247, 
247, 
248, 
249, 
249, 
250, 
251, 
251, 
252, 
252, 
203, 
73, 
97, 
122, 
93, 
124, 
156, 
163, 
56, 
65, 
65, 
84, 
104, 
136, 
136, 
98, 
61, 
127, 
77, 
117, 
98, 
107, 
94, 
142, 
132, 
182, 
153, 
146, 
122, 
99, 
107, 
96, 
86, 
95, 
144, 
123, 
123, 
108, 
-1, 
108, 
150, 
115, 
66, 
103, 
116, 
94, 
104, 
87, 
130, 
141, 
134, 
196, 
215, 
145, 
102, 
60, 
88, 
170, 
211, 
232, 
157, 
102, 
47, 
141, 
73, 
73, 
106, 
98, 
56, 
56, 
127, 
123, 
119, 
137, 
194, 
168, 
-1, 
168, 
191, 
227, 
242, 
-1, 
-1, 
-1, 
242, 
249, 
-1, 
-1, 
-1, 
-1, 
-1, 
-1, 
-1, 
-1, 
-1, 
-1, 
-1, 
-1, 
-1, 
-1, 
-1, 
-1, 
-1, 
-1, 
-1, 
249, 
181, 
95, 
71, 
93, 
116, 
189, 
169, 
150, 
127, 
127, 
137, 
101, 
160, 
155, 
151, 
102, 
129, 
157, 
141, 
125, 
91, 
104, 
97, 
91, 
91, 
100, 
109, 
119, 
128, 
-1, 
128, 
140, 
-1, 
-1, 
-1, 
-1, 
-1, 
-1, 
140, 
131, 
139, 
-1, 
-1, 
-1, 
-1, 
-1, 
139, 
126, 
113, 
122, 
130, 
139, 
131, 
124, 
116, 
100, 
111, 
140, 
140, 
129, 
118, 
118, 
110, 
122, 
135, 
129, 
136, 
122, 
108, 
108, 
101, 
121, 
-1, 
-1, 
121, 
101, 
92, 
121, 
-1, 
-1, 
121, 
115, 
126, 
109, 
109, 
114, 
120, 
125, 
116, 
88, 
44, 
50, 
93, 
112, 
60, 
129, 
95, 
117, 
97, 
112, 
100, 
122, 
130, 
165, 
138, 
138, 
131, 
124, 
80, 
96, 
112, 
102, 
135, 
142, 
129, 
187, 
203, 
-1, 
203, 
192, 
152, 
72, 
127, 
136, 
146, 
223, 
198, 
173, 
106, 
94, 
184, 
184, 
155, 
127, 
98, 
103, 
108, 
108, 
187, 
179, 
119, 
-1, 
119, 
142, 
222, 
231, 
164, 
164, 
124, 
124, 
139, 
154, 
169, 
169, 
178, 
169, 
161, 
191, 
222, 
123, 
188, 
137, 
113, 
137, 
125, 
133, 
141, 
-1, 
141, 
133, 
126, 
118, 
133, 
148, 
163, 
163, 
171, 
169, 
167, 
178, 
190, 
181, 
173, 
164, 
186, 
186, 
195, 
-1, 
-1, 
-1, 
195, 
201, 
208, 
208, 
198, 
201, 
204, 
208, 
211, 
214, 
-1, 
-1, 
-1, 
214, 
221, 
228, 
-1, 
228, 
221, 
240, 
-1, 
-1, 
-1, 
-1, 
240, 
236, 
233, 
229, 
229, 
234, 
240, 
245, 
251, 
242, 
165, 
134, 
103, 
135, 
94, 
84, 
107, 
87, 
87, 
75, 
94, 
81, 
68, 
87, 
106, 
117, 
113, 
109, 
112, 
115, 
115, 
99, 
84, 
97, 
97, 
103, 
110, 
101, 
93, 
84, 
94, 
103, 
113, 
110, 
107, 
88, 
97, 
105, 
114, 
132, 
116, 
85, 
78, 
116, 
-1, 
116, 
110, 
130, 
92, 
104, 
117, 
95, 
-1, 
95, 
141, 
110, 
110, 
79, 
116, 
116, 
105, 
105, 
97, 
90, 
120, 
136, 
117, 
126, 
116, 
142, 
142, 
114, 
224, 
-1, 
-1, 
224, 
190, 
100, 
109, 
119, 
128, 
107, 
114, 
102, 
117, 
98, 
110, 
123, 
103, 
136, 
113, 
183, 
203, 
223, 
230, 
205, 
181, 
134, 
116, 
135, 
154, 
154, 
141, 
129, 
74, 
111, 
149, 
144, 
140, 
121, 
-1, 
121, 
126, 
131, 
137, 
142, 
108, 
108, 
146, 
135, 
125, 
167, 
153, 
140, 
-1, 
140, 
146, 
133, 
133, 
156, 
147, 
137, 
128, 
119, 
133, 
167, 
137, 
145, 
153, 
161, 
154, 
148, 
-1, 
-1, 
148, 
168, 
-1, 
168, 
148, 
148, 
157, 
167, 
152, 
163, 
149, 
149, 
162, 
175, 
175, 
163, 
152, 
157, 
162, 
-1, 
162, 
176, 
176, 
167, 
183, 
199, 
167, 
187, 
208, 
186, 
197, 
209, 
197, 
-1, 
-1, 
197, 
208, 
-1, 
-1, 
-1, 
208, 
202, 
211, 
220, 
-1, 
220, 
246, 
246, 
247, 
248, 
250, 
251, 
-1, 
-1, 
-1, 
-1, 
-1, 
-1, 
-1, 
-1, 
-1, 
-1, 
-1, 
-1, 
-1, 
251, 
191, 
200, 
109, 
109, 
59, 
88, 
-1, 
88, 
148, 
208, 
163, 
144, 
125, 
125, 
120, 
115, 
115, 
121, 
205, 
214, 
238, 
219, 
120, 
120, 
82, 
147, 
118, 
122, 
126, 
130, 
124, 
134, 
144, 
129, 
115, 
148, 
202, 
-1, 
202, 
193, 
196, 
200, 
174, 
148, 
100, 
136, 
114, 
166, 
155, 
198, 
-1, 
198, 
211, 
224, 
209, 
131, 
113, 
113, 
128, 
142, 
157, 
151, 
158, 
139, 
162, 
162, 
152, 
164, 
177, 
161, 
161, 
169, 
178, 
209, 
240, 
240, 
212, 
212, 
228, 
244, 
147, 
73, 
85, 
97, 
133, 
115, 
115, 
133, 
152, 
-1, 
152, 
144, 
153, 
162, 
171, 
68, 
112, 
117, 
122, 
122, 
112, 
103, 
199, 
208, 
201, 
213, 
152, 
139, 
126, 
90, 
103, 
116, 
223, 
214, 
205, 
196, 
88, 
138, 
-1, 
-1, 
138, 
146, 
167, 
167, 
174, 
160, 
-1, 
160, 
152, 
145, 
137, 
157, 
157, 
104, 
94, 
70, 
46, 
73, 
112, 
120, 
128, 
128, 
158, 
216, 
228, 
151, 
198, 
131, 
158, 
-1, 
158, 
149, 
164, 
-1, 
164, 
158, 
140, 
207, 
196, 
186, 
175, 
175, 
173, 
172, 
172, 
189, 
184, 
180, 
-1, 
-1, 
-1, 
180, 
178, 
176, 
175, 
173, 
-1, 
-1, 
-1, 
-1, 
173, 
172, 
171, 
169, 
168, 
167, 
166, 
166, 
167, 
169, 
167, 
166, 
164, 
163, 
161, 
-1, 
-1, 
-1, 
-1, 
-1, 
161, 
173, 
173, 
168, 
162, 
157, 
152, 
152, 
157, 
163, 
156, 
148, 
141, 
148, 
170, 
170, 
165, 
159, 
154, 
154, 
180, 
170, 
161, 
161, 
150, 
156, 
162, 
167, 
173, 
179, 
166, 
153, 
166, 
179, 
179, 
172, 
180, 
175, 
171, 
182, 
192, 
203, 
203, 
194, 
185, 
197, 
209, 
209, 
203, 
197, 
205, 
212, 
220, 
228, 
238, 
249, 
-1, 
-1, 
-1, 
-1, 
-1, 
-1, 
-1, 
-1, 
-1, 
-1, 
-1, 
-1, 
-1, 
-1, 
-1, 
-1, 
-1, 
-1, 
-1, 
-1, 
-1, 
-1, 
-1, 
-1, 
-1, 
-1, 
-1, 
-1, 
-1, 
-1, 
-1, 
-1, 
-1, 
-1, 
-1, 
-1, 
-1, 
-1, 
-1, 
-1, 
-1, 
-1, 
-1, 
-1, 
-1, 
-1, 
-1, 
-1, 
-1, 
-1, 
-1, 
-1, 
-1, 
-1, 
-1, 
-1, 
-1, 
-1, 
-1, 
-1, 
-1, 
-1, 
-1, 
-1, 
-1, 
-1, 
-1, 
-1, 
-1, 
-1, 
-1, 
-1, 
-1, 
-1, 
-1, 
-1, 
-1, 
-1, 
-1, 
-1, 
-1, 
-1, 
-1, 
-1, 
-1, 
-1, 
-1, 
-1, 
-1, 
-1, 
-1, 
-1, 
-1, 
-1, 
-1, 
-1, 
-1, 
-1, 
-1, 
-1, 
-1, 
-1, 
-1, 
-1, 
-1, 
-1, 
-1, 
-1, 
-1, 
-1, 
-1, 
-1, 
-1, 
-1, 
-1, 
-1, 
-1, 
-1, 
-1, 
-1, 
-1, 
-1, 
-1, 
-1, 
-1, 
-1, 
-1, 
-1, 
-1, 
-1, 
-1, 
-1, 
-1, 
-1, 
-1, 
-1, 
-1, 
-1, 
-1, 
-1, 
-1, 
-1, 
-1, 
-1, 
-1, 
-1, 
-1, 
-1, 
-1, 
-1, 
-1, 
-1, 
-1, 
-1, 
-1, 
-1, 
-1, 
-1, 
-1, 
-1, 
-1, 
-1, 
-1, 
-1, 
-1, 
-1, 
-1, 
-1, 
-1, 
-1, 
-1, 
-1, 
-1, 
-1, 
-1, 
-1, 
-1, 
-1, 
-1, 
-1, 
-1, 
-1, 
-1, 
-1, 
-1, 
-1, 
-1, 
-1, 
-1, 
-1, 
-1, 
-1, 
-1, 
-1, 
-1, 
-1, 
-1, 
-1, 
-1, 
-1, 
-1, 
-1, 
-1, 
-1, 
-1, 
-1, 
-1, 
-1, 
-1, 
-1, 
-1, 
-1, 
-1, 
-1, 
-1, 
-1, 
-1, 
-1, 
-1, 
-1, 
-1, 
-1, 
-1, 
-1, 
-1, 
-1, 
-1, 
-1, 
-1, 
-1, 
-1, 
-1, 
-1, 
-1, 
-1, 
-1, 
-1, 
-1, 
-1, 
-1, 
-1, 
-1, 
-1, 
-1, 
-1, 
-1, 
-1, 
-1, 
-1, 
-1, 
-1, 
-1, 
-1, 
-1, 
-1, 
-1, 
-1, 
-1, 
-1, 
-1, 
-1, 
-1, 
-1, 
-1, 
-1, 
-1, 
-1, 
-1, 
-1, 
-1, 
-1, 
-1, 
-1, 
-1, 
-1, 
-1, 
-1, 
-1, 
-1, 
-1, 
-1, 
-1, 
-1, 
-1, 
-1, 
-1, 
-1, 
-1, 
-1, 
-1, 
-1, 
-1, 
-1, 
-1, 
-1, 
-1, 
-1, 
-1, 
-1, 
-1, 
-1, 
-1, 
-1, 
-1, 
-1, 
-1, 
-1, 
-1, 
-1, 
-1, 
-1, 
-1, 
-1, 
-1, 
-1, 
-1, 
-1, 
-1, 
-1, 
-1, 
-1, 
-1, 
-1, 
-1, 
-1, 
-1, 
-1, 
-1, 
-1, 
-1, 
-1, 
-1, 
-1, 
-1, 
-1, 
-1, 
-1, 
-1, 
-1, 
-1, 
-1, 
-1, 
-1, 
-1, 
-1, 
-1, 
-1, 
-1, 
-1, 
-1, 
-1, 
-1, 
-1, 
-1, 
-1, 
-1, 
-1, 
-1, 
-1, 
-1, 
-1, 
-1, 
-1, 
-1, 
-1, 
-1, 
-1, 
-1, 
-1, 
-1, 
-1, 
-1, 
-1, 
-1, 
-1, 
-1, 
-1, 
-1, 
-1, 
-1, 
-1, 
-1, 
-1, 
-1, 
-1, 
-1, 
-1, 
-1, 
-1, 
-1, 
-1, 
-1, 
-1, 
-1, 
-1, 
-1, 
-1, 
-1, 
-1, 
-1, 
-1, 
-1, 
-1, 
-1, 
-1, 
-1, 
-1, 
-1, 
-1, 
-1, 
-1, 
-1, 
-1, 
-1, 
-1, 
-1, 
-1, 
-1, 
-1, 
-1, 
-1, 
-1, 
-1, 
-1, 
-1, 
-1, 
-1, 
-1, 
-1, 
-1, 
-1, 
-1, 
-1, 
-1, 
-1, 
-1, 
-1, 
-1, 
-1, 
-1, 
-1, 
-1, 
-1, 
-1, 
-1, 
-1, 
-1, 
-1, 
-1, 
-1, 
-1, 
-1, 
-1, 
-1, 
-1, 
-1, 
-1, 
-1, 
-1, 
-1, 
-1, 
-1, 
-1, 
-1, 
-1, 
-1, 
-1, 
-1, 
-1, 
-1, 
-1, 
-1, 
-1, 
-1, 
-1, 
-1, 
-1, 
-1, 
-1, 
-1, 
-1, 
-1, 
-1, 
-1, 
-1, 
-1, 
-1, 
-1, 
-1, 
-1, 
-1, 
-1, 
-1, 
-1, 
-1, 
-1, 
-1, 
-1, 
-1, 
-1, 
-1, 
-1, 
-1, 
-1, 
-1, 
-1, 
-1, 
-1, 
-1, 
-1, 
-1, 
-1, 
-1, 
-1, 
-1, 
-1, 
-1, 
-1, 
-1, 
-1, 
-1, 
-1, 
-1, 
-1, 
-1, 
-1, 
-1, 
-1, 
-1, 
-1, 
-1, 
-1, 
-1, 
-1, 
-1, 
-1, 
-1, 
-1, 
-1, 
-1, 
-1, 
-1, 
-1, 
-1, 
-1, 
-1, 
-1, 
-1, 
-1, 
-1, 
-1, 
-1, 
-1, 
-1, 
-1, 
-1, 
-1, 
-1, 
-1, 
-1, 
-1, 
-1, 
-1, 
-1, 
-1, 
-1, 
-1, 
-1, 
-1, 
-1, 
-1, 
-1, 
-1, 
-1, 
-1, 
-1, 
-1, 
-1, 
-1, 
-1, 
-1, 
-1, 
-1, 
-1, 
-1, 
-1, 
-1, 
-1, 
-1, 
-1, 
-1, 
-1, 
-1, 
-1, 
-1, 
-1, 
-1, 
-1, 
-1, 
-1, 
-1, 
-1, 
-1, 
-1, 
-1, 
-1, 
-1, 
-1, 
-1, 
-1, 
-1, 
-1, 
-1, 
-1, 
-1, 
-1, 
-1, 
-1, 
-1, 
-1, 
-1, 
-1, 
-1, 
-1, 
-1, 
-1, 
-1, 
-1, 
-1, 
-1, 
-1, 
-1, 
-1, 
-1, 
-1, 
-1, 
-1, 
-1, 
-1, 
-1, 
-1, 
-1, 
-1, 
-1, 
-1, 
-1, 
-1, 
-1, 
-1, 
-1, 
-1, 
-1, 
-1, 
-1, 
-1, 
-1, 
-1, 
-1, 
-1, 
-1, 
-1, 
-1, 
-1, 
-1, 
-1, 
-1, 
-1, 
-1, 
-1, 
-1, 
-1, 
-1, 
-1, 
-1, 
-1, 
-1, 
-1, 
-1, 
-1, 
-1, 
-1, 
-1, 
-1, 
-1, 
-1, 
-1, 
-1, 
-1, 
-1, 
-1, 
-1, 
-1, 
-1, 
-1, 
-1, 
-1, 
-1, 
-1, 
-1, 
-1, 
-1, 
-1, 
-1, 
-1, 
-1, 
-1, 
-1, 
-1, 
-1, 
-1, 
-1, 
-1, 
-1, 
-1, 
-1, 
-1, 
-1, 
-1, 
-1, 
-1, 
-1, 
-1, 
-1, 
-1, 
-1, 
-1, 
-1, 
-1, 
-1, 
-1, 
-1, 
-1, 
-1, 
-1, 
-1, 
-1, 
-1, 
-1, 
-1, 
-1, 
-1, 
-1, 
-1, 
-1, 
-1, 
-1, 
-1, 
-1, 
-1, 
-1, 
-1, 
-1, 
-1, 
-1, 
-1, 
-1, 
-1, 
-1, 
-1, 
-1, 
-1, 
-1, 
-1, 
-1, 
-1, 
-1, 
-1, 
-1, 
-1, 
-1, 
-1, 
-1, 
-1, 
-1, 
-1, 
-1, 
-1, 
-1, 
-1, 
-1, 
-1, 
-1, 
-1, 
-1, 
-1, 
-1, 
-1, 
-1, 
-1, 
-1, 
-1, 
-1, 
-1, 
-1, 
-1, 
-1, 
-1, 
-1, 
-1, 
-1, 
-1, 
-1, 
-1, 
-1, 
-1, 
-1, 
-1, 
-1, 
-1, 
-1, 
-1, 
-1, 
-1, 
-1, 
-1, 
-1, 
-1, 
-1, 
-1, 
-1, 
-1, 
-1, 
-1, 
-1, 
-1, 
-1, 
-1, 
-1, 
-1, 
-1, 
-1, 
-1, 
-1, 
-1, 
-1, 
-1, 
-1, 
-1, 
-1, 
-1, 
-1, 
-1, 
-1, 
-1, 
-1, 
-1, 
-1, 
-1, 
-1, 
-1, 
-1, 
-1, 
-1, 
-1, 
-1, 
-1, 
-1, 
-1, 
-1, 
-1, 
-1, 
-1, 
-1, 
-1, 
-1, 
-1, 
-1, 
-1, 
-1, 
-1, 
-1, 
-1, 
-1, 
-1, 
-1, 
-1, 
-1, 
-1, 
-1, 
-1, 
-1, 
-1, 
-1, 
-1, 
-1, 
-1, 
-1, 
-1, 
-1, 
-1, 
-1, 
-1, 
-1, 
-1, 
-1, 
-1, 
-1, 
-1, 
-1, 
-1, 
-1, 
-1, 
-1, 
-1, 
-1, 
-1, 
-1, 
-1, 
-1, 
-1, 
-1, 
-1, 
-1, 
-1, 
-1, 
-1, 
-1, 
-1, 
-1, 
-1, 
-1, 
-1, 
-1, 
-1, 
-1, 
-1, 
-1, 
-1, 
-1, 
-1, 
-1, 
-1, 
-1, 
-1, 
-1, 
-1, 
-1, 
-1, 
-1, 
-1, 
-1, 
-1, 
-1, 
-1, 
-1, 
-1, 
-1, 
-1, 
-1, 
-1, 
-1, 
-1, 
-1, 
-1, 
-1, 
-1, 
-1, 
-1, 
-1, 
-1, 
-1, 
-1, 
-1, 
-1, 
-1, 
-1, 
-1, 
-1, 
-1, 
-1, 
-1, 
-1, 
-1, 
-1, 
-1, 
-1, 
-1, 
-1, 
-1, 
-1, 
-1, 
-1, 
-1, 
-1, 
-1, 
-1, 
-1, 
-1, 
-1, 
-1, 
-1, 
-1, 
-1, 
-1, 
-1, 
-1, 
-1, 
-1, 
-1, 
-1, 
-1, 
-1, 
-1, 
-1, 
-1, 
-1, 
-1, 
-1, 
-1, 
-1, 
-1, 
-1, 
-1, 
-1, 
-1, 
-1, 
-1, 
-1, 
-1, 
-1, 
-1, 
-1, 
-1, 
-1, 
-1, 
-1, 
-1, 
-1, 
-1, 
-1, 
-1, 
-1, 
-1, 
-1, 
-1, 
-1, 
-1, 
-1, 
-1, 
-1, 
-1, 
-1, 
-1, 
-1, 
-1, 
-1, 
-1, 
-1, 
-1, 
-1, 
-1, 
-1, 
-1, 
-1, 
-1, 
-1, 
-1, 
-1, 
-1, 
-1, 
-1, 
-1, 
-1, 
-1, 
-1, 
-1, 
-1, 
-1, 
-1, 
-1, 
-1, 
-1, 
-1, 
-1, 
-1, 
-1, 
-1, 
-1, 
-1, 
-1, 
-1, 
-1, 
-1, 
-1, 
-1, 
-1, 
-1, 
-1, 
-1, 
-1, 
-1, 
-1, 
-1, 
-1, 
-1, 
-1, 
-1, 
-1, 
-1, 
-1, 
-1, 
-1, 
-1, 
-1, 
-1, 
-1, 
-1, 
-1, 
-1, 
-1, 
-1, 
-1, 
-1, 
-1, 
-1, 
-1, 
-1, 
-1, 
-1, 
-1, 
-1, 
-1, 
-1, 
-1, 
-1, 
-1, 
-1, 
-1, 
-1, 
-1, 
-1, 
-1, 
-1, 
-1, 
-1, 
-1, 
-1, 
-1, 
-1, 
-1, 
-1, 
-1, 
-1, 
-1, 
-1, 
-1, 
-1, 
-1, 
-1, 
-1, 
-1, 
-1, 
-1, 
-1, 
-1, 
-1, 
-1, 
-1, 
-1, 
-1, 
-1, 
-1, 
-1, 
-1, 
-1, 
-1, 
-1, 
-1, 
-1, 
-1, 
-1, 
-1, 
-1, 
-1, 
-1, 
-1, 
-1, 
-1, 
-1, 
-1, 
-1, 
-1, 
-1, 
-1, 
-1, 
-1, 
-1, 
-1, 
-1, 
-1, 
-1, 
-1, 
-1, 
-1, 
-1, 
-1, 
-1, 
-1, 
-1, 
-1, 
-1, 
-1, 
-1, 
-1, 
-1, 
-1, 
-1, 
-1, 
-1, 
-1, 
-1, 
-1, 
-1, 
-1, 
-1, 
-1, 
-1, 
-1, 
-1, 
-1, 
-1, 
-1, 
-1, 
-1, 
-1, 
-1, 
-1, 
-1, 
-1, 
-1, 
-1, 
-1, 
-1, 
-1, 
-1, 
-1, 
-1, 
-1, 
-1, 
-1, 
-1, 
-1, 
-1, 
-1, 
-1, 
-1, 
-1, 
-1, 
-1, 
-1, 
-1, 
-1, 
-1, 
-1, 
-1, 
-1, 
-1, 
-1, 
-1, 
-1, 
-1, 
-1, 
-1, 
-1, 
-1, 
-1, 
-1, 
-1, 
-1, 
-1, 
-1, 
-1, 
-1, 
-1, 
-1, 
-1, 
-1, 
-1, 
-1, 
-1, 
-1, 
-1, 
-1, 
-1, 
-1, 
-1, 
-1, 
-1, 
-1, 
-1, 
-1, 
-1, 
-1, 
-1, 
-1, 
-1, 
-1, 
-1, 
-1, 
-1, 
-1, 
-1, 
-1, 
-1, 
-1, 
-1, 
-1, 
-1, 
-1, 
-1, 
-1, 
-1, 
-1, 
-1, 
-1, 
-1, 
-1, 
-1, 
-1, 
-1, 
-1, 
-1, 
-1, 
-1, 
-1, 
-1, 
-1, 
-1, 
-1, 
-1, 
-1, 
-1, 
-1, 
-1, 
-1, 
-1, 
-1, 
-1, 
-1, 
-1, 
-1, 
-1, 
-1, 
-1, 
-1, 
-1, 
-1, 
-1, 
-1, 
-1, 
-1, 
-1, 
-1, 
-1, 
-1, 
-1, 
-1, 
-1, 
-1, 
-1, 
-1, 
-1, 
-1, 
-1, 
-1, 
-1, 
-1, 
-1, 
-1, 
-1, 
-1, 
-1, 
-1, 
-1, 
-1, 
-1, 
-1, 
-1, 
-1, 
-1, 
-1, 
-1, 
-1, 
-1, 
-1, 
-1, 
-1, 
-1, 
-1, 
-1, 
-1, 
-1, 
-1, 
-1, 
-1, 
-1, 
-1, 
-1, 
-1, 
-1, 
-1, 
-1, 
-1, 
-1, 
-1, 
-1, 
-1, 
-1, 
-1, 
-1, 
-1, 
-1, 
-1, 
-1, 
-1, 
-1, 
-1, 
-1, 
-1, 
-1, 
-1, 
-1, 
-1, 
-1, 
-1, 
-1, 
-1, 
-1, 
-1, 
-1, 
-1, 
-1, 
-1, 
-1, 
-1, 
-1, 
-1, 
-1, 
-1, 
-1, 
-1, 
-1, 
-1, 
-1, 
-1, 
-1, 
-1, 
-1, 
-1, 
-1, 
-1, 
-1, 
-1, 
-1, 
-1, 
-1, 
-1, 
-1, 
-1, 
-1, 
-1, 
-1, 
-1, 
-1, 
-1, 
-1, 
-1, 
-1, 
-1, 
-1, 
-1, 
-1, 
-1, 
-1, 
-1, 
-1, 
-1, 
-1, 
-1, 
-1, 
-1, 
-1, 
-1, 
-1, 
-1, 
-1, 
-1, 
-1, 
-1, 
-1, 
-1, 
-1, 
-1, 
-1, 
-1, 
-1, 
-1, 
-1, 
-1, 
-1, 
-1, 
-1, 
-1, 
-1, 
-1, 
-1, 
-1, 
-1, 
-1, 
-1, 
-1, 
-1, 
-1, 
-1, 
-1, 
-1, 
-1, 
-1, 
-1, 
-1, 
-1, 
-1, 
-1, 
-1, 
-1, 
-1, 
-1, 
-1, 
-1, 
-1, 
-1, 
-1, 
-1, 
-1, 
-1, 
-1, 
-1, 
-1, 
-1, 
-1, 
-1, 
-1, 
-1, 
-1, 
-1, 
-1, 
-1, 
-1, 
-1, 
-1, 
-1, 
-1, 
-1, 
-1, 
-1, 
-1, 
-1, 
-1, 
-1, 
-1, 
-1, 
-1, 
-1, 
-1, 
-1, 
-1, 
-1, 
-1, 
-1, 
-1, 
-1, 
-1, 
-1, 
-1, 
-1, 
-1, 
-1, 
-1, 
-1, 
-1, 
-1, 
-1, 
-1, 
-1, 
-1, 
-1, 
-1, 
-1, 
-1, 
-1, 
-1, 
-1, 
-1, 
-1, 
-1, 
-1, 
-1, 
-1, 
-1, 
-1, 
-1, 
-1, 
-1, 
-1, 
-1, 
-1, 
-1, 
-1, 
-1, 
-1, 
-1, 
-1, 
-1, 
-1, 
-1, 
-1, 
-1, 
-1, 
-1, 
-1, 
-1, 
-1, 
-1, 
-1, 
-1, 
-1, 
-1, 
